COMMENT_ID,AUTHOR,DATE,CLASS,CONTENT_az
LZQPQhLyRh80UYxNuaDWhIGQYNQ96IuCg-AYWqNPjpU,Julius NM,2013-11-07T06:20:48,1,"Huh, hÉ™r halda bu youtube] kanalÄ±na baxÄ±n: kobayashi 02"
LZQPQhLyRh_C2cTtd9MvFRJedxydaVW-2sNg5Diuo4A,adam riyati,2013-11-07T12:37:15,1,Salam uÅŸaqlar mÉ™nim yeni kanalÄ±ma vÉ™ ilk videomuza baxÄ±n BU BÄ°Z MEYMUNLARDIR!!! MÉ™n aÄŸ kÃ¶ynÉ™kli meymunam zÉ™hmÉ™t olmasa like atÄ±b ÅŸÉ™rh yazÄ±n vÉ™ abunÉ™ olun!!!!
LZQPQhLyRh9MSZYnf8djyk0gEF9BHDPYrrK-qCczIY8,Evgeny Murashkin,2013-11-08T17:34:21,1,sÄ±rf test Ã¼Ã§Ã¼n murdev.com demÉ™liyÉ™m
z13jhp0bxqncu512g22wvzkasxmvvzjaz04,ElNino Melendez,2013-11-09T08:28:43,1,kanalÄ±mda seksual gÃ¶tÃ¼mÃ¼ silkÉ™lÉ™yirÉ™m ^_^ ï»¿
z13fwbwp1oujthgqj04chlngpvzmtt3r3dw,GsMega,2013-11-10T16:05:38,1,watch?v=vtaRGgvGtWQ Bunu yoxlayÄ±n .ï»¿
LZQPQhLyRh9-wNRtlZDM90f1k0BrdVdJyN_YsaSwfxc,Jason Haddad,2013-11-26T02:55:11,1,"Hey, yeni veb saytÄ±ma baxÄ±n!! Bu sayt uÅŸaq É™ÅŸyalarÄ± haqqÄ±ndadÄ±r. uÅŸaq mediasÄ±. com"
z13lfzdo5vmdi1cm123te5uz2mqig1brz04,ferleck ferles,2013-11-27T21:39:24,1,KanalÄ±ma abunÉ™ olun
z122wfnzgt30fhubn04cdn3xfx2mxzngsl40k,Bob Kanowski,2013-11-28T12:33:27,0,"MÉ™n gÉ™lÉ™n kimi sÉ™si sÃ¶ndÃ¼rdÃ¼m, sadÉ™cÉ™ baxÄ±ÅŸlarÄ± yoxlamaq istÉ™dim...ï»¿"
z13ttt1jcraqexk2o234ghbgzxymz1zzi04,Cony,2013-11-28T16:01:47,1,GÃ¼lmÉ™li VÄ°DEOLAR Ã¼Ã§Ã¼n kanalÄ±mÄ± yoxlamalÄ±sÄ±nÄ±z!!
z12avveb4xqiirsix04chxviiljryduwxg0,BeBe Burkey,2013-11-28T16:30:13,1,vÉ™ siz mÉ™nim kanalÄ±mÄ± yoxlamalÄ± vÉ™ bundan sonra nÉ™ etmÉ™li olduÄŸumu sÃ¶ylÉ™mÉ™lisiniz!ï»¿
z13auhww3oufjn1qo04ci3grqqjmfjexxuo0k,Huckyduck,2013-11-28T17:06:17,1,hey mene abune ol
z13xit5agm2zyh4f523rst2gowmbx5bml,Lone Twistt,2013-11-28T17:34:55,1,"OxumaÄŸa baÅŸladÄ±qdan sonra dayanmayÄ±n. Bir gÃ¼n É™rzindÉ™ mÉ™nÉ™ abunÉ™ olmasanÄ±z, siz vÉ™ bÃ¼tÃ¼n ailÉ™niz Ã¶lÉ™cÉ™k, buna gÃ¶rÉ™ dÉ™ saÄŸ qalmaq istÉ™yirsinizsÉ™, elÉ™ indi abunÉ™ olun."
z13pejoiuozwxtdu323dspopnri4xts0f,Archie Lewis,2013-11-28T17:54:39,1,https://twitter.com/GBphotographyGBï»¿
z121zxaxsq25z5k5o04ch1o5jqqfij3gtm40k,TheUploadaddict,2013-11-28T18:12:12,1,abone olun ÅŸÉ™rhi bÉ™yÉ™nin
z12oglnpoq3gjh4om04cfdlbgp2uepyytpw0k,Francisco Nora,2013-11-28T19:52:35,1,zÉ™hmÉ™t olmasa bÉ™yÉ™nin :D https://premium.easypromosapp.com/voteme/19924/616375350ï»¿
z13phrmwrkfisn5er22eyrbpbvaiwfvwf04,Gaming and Stuff PRO,2013-11-28T21:14:13,1,"salam! Oyunu, bÉ™dii videolarÄ±, elmi tÉ™crÃ¼bÉ™lÉ™ri, dÉ™rsliklÉ™ri, mahnÄ± sÃ¶zlÉ™ri videolarÄ±nÄ± vÉ™ daha Ã§oxunu bÉ™yÉ™nirsiniz? ÆgÉ™r istÉ™yirsinizsÉ™, lÃ¼tfÉ™n kanalÄ±mÄ±zÄ± yoxlayÄ±n vÉ™ ona abunÉ™ olun, biz yeni baÅŸlamÄ±ÅŸÄ±q, lakin tezliklÉ™ Ã¼mid edirik ki, bÃ¼tÃ¼n gÃ¶zlÉ™ntilÉ™rimizi qarÅŸÄ±laya bilÉ™cÉ™yik... Ä°ndiyÉ™ qÉ™dÉ™r É™ldÉ™ etdiklÉ™rimizi dÉ™ yoxlaya bilÉ™rsiniz!ï»¿"
z13bgdvyluihfv11i22rgxwhuvabzz1os04,Zielimeek21,2013-11-28T21:49:00,0,MÉ™n yalnÄ±z baxÄ±ÅŸlarÄ± yoxlayÄ±ram
z13vxpnoxsyeuv2jr04cctprprb1slnxdf4,OutrightIgnite,2013-11-28T21:55:02,1,http://www.ebay.com/itm/171183229277?ssPageName=STRK:MESELX:IT&_trksid=p3984.m1555.l2649 ï»¿
z12qth5j0ob1fx3q404chvy4fz32tbkpllk0k,Tony K Frazier,2013-11-28T23:57:13,1,http://ubuntuone.com/40beUutVu2ZKxK4uTgPZ8Kï»¿
z13etj0bclzfztuwc04cgfvrgmf3fvjor1g,Jose Renteria,2013-11-29T00:22:01,1,"Biz sizÉ™ musiqidÉ™n ilhamlanmÄ±ÅŸ dizaynlarÄ± tÉ™qdim etmÉ™yÉ™ hÉ™sr olunmuÅŸ bir EDM geyim ÅŸirkÉ™tiyik. Bizim geyimimiz istÉ™nilÉ™n rave vÉ™ ya musiqi festivalÄ± Ã¼Ã§Ã¼n idealdÄ±r. BizdÉ™ NEON crop toplar, kÃ¶ynÉ™klÉ™r, kÃ¶ynÉ™klÉ™r, v-boyunlar vÉ™ aksessuarlar var! Pulsuz hÉ™diyyÉ™ xÉ™bÉ™rlÉ™ri vÉ™ daha Ã§oxu Ã¼Ã§Ã¼n bizi Facebook vÉ™ ya instagramda izlÉ™yin! OnCueApparel-dÉ™ saytÄ±mÄ±za daxil olun"
z12axnji5w2axxht522thb3bktvqjdlbp04,zhichao wang,2013-11-29T02:13:56,0,"MÉ™ncÉ™, tÉ™xminÉ™n 100 milyon baxÄ±ÅŸ yalnÄ±z baxÄ±ÅŸlarÄ± yoxlamaq istÉ™yÉ™n insanlardan gÉ™lir"
z13ozdmr4lf3uzc5z04cix2zkyjzgvcyemw0k,Carlos Thegamer,2013-12-01T01:20:21,1,kanalÄ±ma abunÉ™ olun dostlar :D
z12ohdxjtsatvppjb04cctprprb1slnxdf4,OutrightIgnite,2013-12-01T03:30:55,1,BURADA QARÅI QURURUNUZU gÃ¶stÉ™rin: http://www.teespring.com/tigermeathoodieï»¿
z12ntlcqht2bvjewi04cf1up0xjvs5lq3mc0k,Owen Lai,2013-12-01T04:51:52,0,sadÉ™cÉ™ baxÄ±ÅŸlarÄ± yoxlayÄ±ram
LZQPQhLyRh9EXArr4ZnVcDonSbvSMHKYOT24e_qR6fE,||GuitarZ||,2013-12-23T12:54:38,1,KANALIMA BAXIN
LZQPQhLyRh9y57URF7qpZRk3MVAJNLNhhZga_5YWBU8,Living4Techno,2013-12-25T19:46:26,1,bazar ÅŸÃ¶hrÉ™ti. com/strategygame/andrijamatf oyundan real pul qazanÄ±r
LZQPQhLyRh9vw01Xvvw5yWzZEUOPG1hSgRMHep55-Yw,8-BitMusic,2013-12-27T23:07:50,1,"Hey uÅŸaqlar! MÉ™n 12 yaÅŸlÄ± musiqi prodÃ¼seriyÉ™m. MÉ™n chiptunes vÉ™ 8bit musiqi hazÄ±rlayÄ±ram.  8 bitlik remikslÉ™rimdÉ™n bÉ™zilÉ™rini yoxlasanÄ±z Ã§ox gÃ¶zÉ™l olardÄ±! Bunu yoxlamaq istÉ™yirsinizsÉ™, mÉ™nim hÉ™tta gangnamstyle 8 bit remiksim var ;) TÉ™ÅŸÉ™kkÃ¼rlÉ™r!"
z13kszcinpnvc34v2234fnpxkpmlw3nhc04,Kyle Jaber,2014-01-19T00:21:29,1,MÉ™ni yoxlayÄ±n! MÉ™n Kyle. MÉ™n belÉ™ rep ifa edirÉ™m
z13tj514otzlurfbc04ccjwhrnmej1iihqw0k,Brandon Pryor,2014-01-19T00:36:25,0,"MÉ™n daha buna baxmÄ±ram, sadÉ™cÉ™ olaraq 2 milyardÄ± yoxlamaq Ã¼Ã§Ã¼n gÉ™lirÉ™m"
z13zvh1rmk3cf3mby04civbq5mjtddmbysk0k,Fun&amp;Hacks,2014-01-19T00:42:35,1,"Pulsuz Android oyunlarÄ±, proqramlarÄ± Ã¼Ã§Ã¼n mÉ™nÉ™ abunÉ™ olun"
z120y3ribybzdf3fj23sf1rpgq3cex0sh,Young Hittaz,2014-01-19T04:21:11,1,hamÄ± zÉ™hmÉ™t olmasa gÉ™lin Martin LÃ¼ter Kinq Jr.-Ä±n xatirÉ™lÉ™rindÉ™ki É™n yeni mahnÄ±mÄ±zÄ± yoxlayÄ±n
z13autsqgzblcx3w104chr4r2kexd10rxc0,DropShotSk8r,2014-01-19T04:27:18,0,"BaxÄ±ÅŸlarÄ± yoxlamaq Ã¼Ã§Ã¼n bura gÉ™ldim, saÄŸol"
z12wvpxppxz3ifk3j224cbsgqraherzrg04,ElepticRage,2014-01-19T08:55:53,1,heÃ§ bir sÉ™bÉ™b olmadan kanalÄ±ma abunÉ™ olun -_-
z121e3zq5kj3ip2ch22ks3vwekuaibrgc04,Joengz,2014-01-19T10:31:10,1,"Fruity Loops ilÉ™ hazÄ±rlanmÄ±ÅŸ dubstep mahnÄ±m ""Fireball""a baxÄ±n. MÉ™n hÉ™qiqÉ™tÉ™n buna vaxt ayÄ±rdÄ±m.  /watch?v=telOA6RIO8oï»¿"
z13kxpqqssa0hlryd04cc1dxeyyngljjngk,Tasha Lucius,2014-01-19T13:25:56,0,2 milyard....TezliklÉ™
z13iuzxwamqhzppyp04cdz1amyzpfdnpdns0k,Jason Provencal,2014-01-19T16:15:54,0,"NiyÉ™ dafuq ABÅ-da Koreya mahnÄ±sÄ± bu qÉ™dÉ™r bÃ¶yÃ¼kdÃ¼r. Bu o demÉ™kdir ki, biz koreyalÄ±larÄ± dÉ™stÉ™klÉ™yirik? KeÃ§É™n dÉ™fÉ™ yoxladÄ±m ki, bizi bombalamaq istÉ™yirdilÉ™r. ï»¿"
z12txle43yfhvt0f323eghbxivmuytieq,Kiddy Kidso,2014-01-19T16:49:52,1,ZÉ™hmÉ™t olmasa kanalÄ±mÄ± yoxlayÄ±n! VÉ™ É™n yaxÅŸÄ± musiqiyÉ™ qulaq asÄ±n: Pï»¿
z13zj1grjzqhhxzlj23gdpzaovunwnn0f,HamzaMurt | Advanced Warefare | Lets Play!,2014-01-19T17:20:58,1,4 ABUNÆ OLUN BU ÅÆRHÄ° BÆYÆNÄ°N MÆN UÄURLU YOUTUBE Ä°STÆYÄ°RÆM BU ÅÆRHÄ° BÆYÆNÄ°N VÆ ABUNÆ OLUN BUNU CÉ™mi 10 SAKÄ°YYÆ ALIR LÃœTFÆN ABUNÆ OLSUN QEYDÄ° ABUNÆ OLACAQ.
z13csdop4venytrru04cf11q1wmbdvkrfpo0k,ii Trollercopter,2014-01-19T17:25:23,1,"HamÄ±ya salam!! MÉ™n ilk YT kanalÄ±ma yenicÉ™ baÅŸlamÄ±ÅŸam, bÉ™zilÉ™ri BF4-dÉ™ki ilk klipimÉ™ baxa bilsÉ™lÉ™r, minnÉ™tdar olaram! vÉ™ videomun necÉ™ olduÄŸu vÉ™ onu necÉ™ tÉ™kmillÉ™ÅŸdirÉ™ bilÉ™cÉ™yim barÉ™dÉ™ mÉ™nÉ™ bÉ™zi mÉ™slÉ™hÉ™tlÉ™r verin. HÆMÃ‡Ä°NDÆ nÉ™ haqqÄ±nda olduÄŸumu gÃ¶rmÉ™k Ã¼Ã§Ã¼n bu barÉ™dÉ™ yoxlamaÄŸÄ±nÄ±zdan É™min olun. Vaxt ayÄ±rdÄ±ÄŸÄ±nÄ±z Ã¼Ã§Ã¼n tÉ™ÅŸÉ™kkÃ¼rlÉ™r :).  vÉ™ nifrÉ™t edÉ™nlÉ™rÉ™... SÉ™n nifrÉ™t edirsÉ™n, MÆN QALAN"
z13ce52jzwfitrkup23din4ojputijen3,Eugene Kalinin,2014-01-19T19:21:04,1,"After Effects, Music, Foto, Web saytlarÄ± vÉ™ digÉ™r layihÉ™lÉ™ri burada tapa vÉ™ ala bilÉ™rsiniz http://audiojungle.net/user/EugeneKalinin/portfolio?ref=EugeneKalininï»¿"
z13phfyxhovav1hl122bf5iidumufzbel,Cody Tolleson,2014-01-20T02:50:44,1,MÃ¶htÉ™ÅŸÉ™m videolar Ã¼Ã§Ã¼n YouTube/codytolleson mÉ™n yenidÉ™n abunÉ™ olacaÄŸam
z13xytyybsypw34yv04cc33xkke1grugh2w,cake cat,2014-01-20T04:45:34,1,roblox minecraft world of warcraft gta 5 mario xoÅŸunuza gÉ™lirsÉ™ kanalÄ±ma abunÉ™ olun
z13vsbcjwrybe3hsf23sgvnxfr3zxnion04,World327RS,2014-01-20T06:16:28,1,"MÆNÆ ABUNÆ OL, MÆN SÆNÆ ABUNÆ OLAM! (BÉ™yÉ™nmÉ™lidir - cZFcxsn0jnQ) ï»¿"
z12jvnua2tifirkvk23cfjtpxwmgxfch004,Didier Drogba,2014-01-20T06:57:25,1,http://www.twitch.tv/jaroadc gÉ™lin izlÉ™yin vÉ™ yayÄ±mÄ±mÄ± izlÉ™yin!ï»¿
z13stv3brxe1snv2i225fnvganneudej004,MFkin PRXPHETZ,2014-01-20T09:08:39,1,"xam istedadÄ±, raw sÃ¶zlÉ™ri, dÃ¼z real hip hopu sevirsinizsÉ™ HamÄ± mÉ™nim É™n yeni sÉ™simi yoxlayÄ±n Dizzy X - Got the Juice (Prod by. Drugs the Model Citizen) ÅÆRH YAZIN MÆNÆ DÃœÅÃœNÃœRÃœNÃœZÃœ DEYÄ°N TÆNBÆL OLMAYIN!!!!  - 1/7 PeyÄŸÉ™mbÉ™rz"
z12ktfsarrv0wdj3p22ifbxz3zn2fthhw04,Dave X,2014-01-20T10:12:07,1,....abone olun...... ......kanalÄ±ma........ï»¿
z121znjjloycwtjf2233dfo5esfggn3lj,crestpee,2014-01-20T13:03:12,0,"indi onun 1,884,034,783 baxÄ±ÅŸÄ± var! pls. nÃ¶vbÉ™ti saat baxÄ±ÅŸ sayÄ±na ÅŸÉ™rh verin :Pï»¿"
z125zbmwryjwxzx4504cfjzwbtztuvkif3c,Leonardo Baptista,2014-01-20T15:10:27,1,http://www.avaaz.org/po/petition/Youtube_Corporation_Fox_Broadcasting_Company_Anular_os_strikes_no_Canal_Nostalgia/?cXPZpgb ï»¿
z12stpyqaonsercxw04cjbr4dlnrxd34soo0k,Phuc Ly,2014-01-20T15:27:47,0,baxÄ±ÅŸlarÄ± yoxlamaq Ã¼Ã§Ã¼n buraya gedin: 3ï¿¼
z13nvr2xayrwffsio04cj3zwyuf3vb1imdg,Milan George,2014-01-20T16:15:09,0,"Bu videoya baxÄ±ÅŸ sayÄ±na baxmaq Ã¼Ã§Ã¼n onu yoxlasanÄ±z, bÉ™yÉ™nin"
z13uzhdomzvbffvwa04cgplq2zewfz2hm2k,Kirsty Brown,2014-01-20T16:41:27,1,XahiÅŸ edirÉ™m kanalÄ±ma abunÉ™ olun vÉ™ mÉ™n dÉ™ xxï»¿ abunÉ™ olacaÄŸam
z13ucxa51rnftvu2j22if5oihq2qipjlp,Kochos,2014-01-20T17:08:37,0,2x10^9 baxÄ±ÅŸ É™ldÉ™ etmÉ™k Ã¼Ã§Ã¼n tez-tez yoxlayÄ±ram vÉ™ Babyï»¿-a baxmaqdan Ã§É™kinirÉ™m
z120grixiomvyvbga04cfl24csz5jf4zzuc0k,eSkiip,2014-01-20T17:22:53,0,SadÉ™cÉ™ insanlarÄ±n 2 milyardÄ± keÃ§ib-keÃ§mÉ™diyini yoxladÄ±ÄŸÄ± Ã¼Ã§Ã¼n bu video 2 milyarda Ã§atacaq.ï»¿
z13gevgohyzktbztz22mcrcpntfxvpvan04,Wumrogue lite,2014-01-20T17:29:52,1,https://www.facebook.com/pages/Brew-Crew-2014/134470083389909 Bu facebook sÉ™hifÉ™sini bÉ™yÉ™nin! Iphone 5S qazanmaq ÅŸansÄ±!
z12gy5tb2kase1nix04cipry3mf1wh5grko0k,Ruddy Tapia,2014-01-20T17:58:46,1,2015 superbowl oynamaq Ã¼Ã§Ã¼n GWAR É™ldÉ™ edin http://www.change.org/petitions/the-national-football-league-allow-gwar-to-perform-the-2015-super-bowl-halftime-show#share ï»¿
z13hxl3yoqmlvdlnu23atlqgsoyevlsse,Artsi,2014-01-20T18:52:12,1,ZÉ™hmÉ™t olmasa bu kanalÄ± izlÉ™yin!! http://www.twitch.tv/sevadusï»¿
z12gv5qoconqsbe0h221wljgmwe4v1nmu,ProsGamerOnly,2014-01-20T20:00:55,1,salam dostlar youtube kanalÄ±ma baxÄ±n
z13eepr4dyjet34pt04cgr1rctvwsvqwqso0k,JP Jochem,2014-01-20T20:23:35,1,Minecraft-da videolar haqqÄ±nda daha Ã§ox mÉ™lumat Ã¼Ã§Ã¼n abunÉ™ olun vÉ™ bÉ™yÉ™nin!
z121st5w5k3ui1veg22zirn4gkr5tby2v,Jdidk Loma,2014-01-20T20:35:56,1,http://tankionline.com#friend=cd92db3f4 É™la oyun yoxlayÄ±n!ï»¿
z13osnp4hnzry1o15224yfzbotr0epxqk04,BaconBro HD,2014-01-20T21:11:52,1,MÉ™nÉ™ abunÉ™ olun!
z12rgllzmwnfuba4h04ch3njgy2fg3ryerg0k,Eanna Cusack,2014-01-20T22:20:59,0,MÉ™n sadÉ™cÉ™ onun nÉ™ qÉ™dÉ™r baxÄ±ÅŸ olduÄŸunu yoxlamaq Ã¼Ã§Ã¼n gedirÉ™m
z12rc1ebfvrmufz5w04ccl2pmt3ih5dymq40k,fastestghost,2014-01-21T02:09:22,0,Ä°lk ÅŸÉ™rh aÃ§Ä±q ÅŸÉ™kildÉ™ Ã‡ak Norrisdir: Dï»¿
z13mcpkzpoz1hj3o304cfd3oouf2tj1rnk40k,StuntmanGaming,2014-01-21T02:29:43,0,Tarixin É™n Ã§ox baxÄ±lan youtube videosuna baxÄ±n
z121cnnzhsybzjkt122nsviacsekvvt1r,Master Chief,2014-01-21T03:16:46,0,bu nÉ™ vaxt 2 milyarda Ã§atacaq?
z125gx4g5wemgtyvr23ryvlrbxjvwl2mi,David Bell,2014-01-21T03:18:31,0,bÃ¼tÃ¼n zamanlarÄ±n É™n Ã§ox baxÄ±lan youtube videosu?
z12lzbu4iymmvjgj004cdjaonunljbjwwo00k,virgie natividad,2014-01-21T07:33:30,0,969.210 bÉ™yÉ™nmÉ™diyini bÉ™yÉ™nÉ™nlÉ™r Ã¶zlÉ™rini bÉ™yÉ™nmirlÉ™r
z13kvvkixzvadn5ii04chnnbsvn3w1pq5dk,asd ad,2014-01-21T08:22:06,0,psy=koreya
z13zz3cjwmztcni0p23ug3vb0pasfvzqc04,Dymetex,2014-01-21T09:03:36,0,"OMG bu oldspice spraytan party reklamÄ± omg....mÉ™n burada otururam ""Yox bu real bir ÅŸey deyil? OMG""ï»¿"
z12ifxrbkmaechwtt22jwryqmoaefhipf04,MrTuizentfloot,2014-01-21T13:39:13,0,"Bu, YouTube-da bu qÉ™dÉ™r Ã§ox baxÄ±ÅŸ toplayan yeganÉ™ videodur ki, biz onun nÉ™ qÉ™dÉ™r baxÄ±ÅŸ olduÄŸunu gÃ¶rmÉ™k istÉ™yirik. HÉ™r gÃ¼n 1.000.000, demÉ™k istÉ™yirÉ™m ki, É™ksÉ™r insanlar videonun 1.000.000 baxÄ±ÅŸ topladÄ±ÄŸÄ± zaman mÉ™ÅŸhur olduÄŸunu dÃ¼ÅŸÃ¼nÃ¼r.ï»¿"
LZQPQhLyRh_hbykd_Xw4oDROJbJTFrs-UbSB2xk8gRk,OREOGAM3R,2014-01-25T19:36:25,0,"ArtÄ±q xeyli mÃ¼ddÉ™tdir ki, geri qayÄ±dÄ±r."
LZQPQhLyRh9U7Lv_DKpJ7lawpBCotxfgHzBy93Tk028,LEONARDO CAETANO,2014-01-27T19:36:00,0,2014-cÃ¼ ildÉ™ 2 mlrd
z12eexphzo2uslizg04cirmywyzjdnm5gqc0k,fab life,2014-11-02T00:48:57,1,"zÉ™hmÉ™t olmasa fablife-a baxÄ±n / DIYs vÉ™ problemlÉ™r Ã¼Ã§Ã¼n fablife-a xoÅŸ gÉ™lmisiniz, buna gÃ¶rÉ™ dÉ™ zÉ™hmÉ™t olmasa abunÉ™ olun thx!ï»¿"
z124fn5ahqnfdbxtg23ihlijyqjqtr1lk,Oh 1080s,2014-11-02T01:08:10,1,KanalÄ±ma abunÉ™ olun!
z12lubwrvv35zpzub23ywxbbiuawjbalc,Ariel Baptista,2014-11-02T05:06:46,1,http://www.ebay.com/itm/131338190916?ssPageName=STRK:MESELX:IT&_trksid=p3984.m1555.l2649 ï»¿
z13osfxhtkfmwpxue234z3wimzmcs1k2x,Stefano Albanese,2014-11-02T12:04:36,1,http://www.guardalo.org/best-of-funny-cats-gatti-pazzi-e-divertenti-2013-5287/100000415527985/ ï»¿
z12tcdxa5k3bsvtqh04ccnaqusj1vvfju3s,Salim Tayara,2014-11-02T14:33:30,1,"ÆgÉ™r dronlarÄ± bÉ™yÉ™nirsinizsÉ™, Kamal Tayara abunÉ™ olun. O, dronu ilÉ™ tamamilÉ™ gÃ¶zÉ™l videolar Ã§É™kir"
z13gsp34uumcdje4q04civk54zr4wr0gxjc,Lucky D.,2014-11-02T14:53:06,1,http://hackfbaccountlive.com/?ref=4604617ï»¿
z123e1gg3zyuf30ox04cdtbzgmaby3ehjc0,Lucas Trigo,2014-11-02T15:52:22,1,"HÆR KÆSÄ°N NÆ VAR!? :-) MÉ™n Ä°stedadÄ±mÄ± DÃ¼nyaya GÃ¶stÉ™rmÉ™yÉ™ Ã‡alÄ±ÅŸÄ±ram! 3000-dÉ™n Ã§ox ABUNÆÃ‡Ä°M VAR! SÃ¶z verirÉ™m! MÉ™n ÆzmirÉ™m! LÃ¼tfÉ™n, MÉ™nim QapaqlarÄ±mÄ± ÆtrafÄ±nÄ±za YayÄ±n, ABUNÆ OLUN vÉ™ PaylaÅŸÄ±n! BÃ¼tÃ¼n dÉ™stÉ™yiniz Ã¼Ã§Ã¼n Ã§ox saÄŸ olun! Lucas Trigo - MÃ¶htÉ™ÅŸÉ™m qalÄ±n! ï»¿"
z13ezz5zsz3pyhyip04cibtpwwbdejzrmlk0k,TheHariiiii,2014-11-02T16:17:11,1,----->>>>  https://www.facebook.com/video.php?v=10200253113705769&set=vb.201470069872822&type=3&permPage=1  <--------ï»¿
z12ywjvgdtrhxdlz504cd1tquqvuhbs4abw,Angel,2014-11-02T17:27:09,1,"Salam~MÉ™n Koreya pop qrupu olan Angel qrupunun lideriyÉ™m. Bizim dÃ¶rd Ã¼zvÃ¼mÃ¼z var, Chanicka, Julie, Stefani vÉ™ mÉ™n, Leah. ZÉ™hmÉ™t olmasa kanalÄ±mÄ±zÄ± yoxlayÄ±n vÉ™ cover videolarÄ±mÄ±zla baÄŸlÄ± rÉ™y bildirin (: tÉ™nqid xoÅŸdur, Ã§Ã¼nki biz yÃ¼ksÉ™k sÉ™viyyÉ™li mÃ¼ÄŸÉ™nnilÉ™r deyilik, ona gÃ¶rÉ™ dÉ™ gÉ™lin videolarÄ±mÄ±zla baÄŸlÄ± konstruktiv rÉ™y bildirin; dinlÉ™mÉ™dÉ™n É™vvÉ™l tÉ™kmillÉ™ÅŸdirmÉ™k Ã¼Ã§Ã¼n hÉ™r hansÄ± ÅŸansÄ± qiymÉ™tlÉ™ndiririk. KoreyalÄ± menecment ÅŸirkÉ™ti Ã¼Ã§Ã¼n JYP, BigHit, Jellyfish, YG vÉ™ ya SM Ã¼Ã§Ã¼n dinlÉ™mÉ™lÉ™r keÃ§irmÉ™yi planlaÅŸdÄ±rÄ±rÄ±q"
z122f1fy5muwdxdxd04cexyxes3hh5hrifc,Squir3,2014-11-02T18:34:03,1,http://woobox.com/33gxrf/brt0u5 PULSUZ CS GO!!!!ï»¿
z12jud4o3n34v5wph04ce3db0y2njn55gog0k,Kaya Roberts,2014-11-02T20:00:37,0,"Etiraf edin ki, siz buraya sadÉ™cÉ™ olaraq tamaÅŸaÃ§Ä±larÄ±n sayÄ±nÄ± yoxlamaq Ã¼Ã§Ã¼n gÉ™lmisiniz"
z12xxjkwevvjzvvms22xz3sjqovty3qip04,Prim N.,2014-11-02T22:48:21,0,"SadÉ™cÉ™ insanlarÄ±n bu videoya hÉ™lÉ™ dÉ™ baxÄ±b-baxmadÄ±ÄŸÄ±nÄ± yoxlamaq Ã¼Ã§Ã¼n gÉ™lirÉ™m. VÉ™ gÃ¶rÃ¼nÃ¼r, hÉ™lÉ™ dÉ™ edirlÉ™r."
z13ydfww3ruysvtmv23muhspwqqjszwjc04,James Ridge,2014-11-02T23:25:44,1,Ä°lk videoma baxÄ±n
z13vs53zipmszf1ib04cerd5xlmzdz5qlzw0k,Minecraft-Viasat,2014-11-03T14:38:53,1,KanalÄ±mÄ± yoxlayÄ±n
z13wzt5yezvhsboz104cjlkqalz0fpcglmk0k,Alessio Siri,2014-11-03T16:43:36,0,PSY - GANGNAM STYLE (Gangnam Style) M/V: http://youtu.be/9bZkp7q19f0ï»¿
z135fnx4ntvdx1rzn04cih1ihmqtsrbzcno0k,Backup Plus,2014-11-03T17:39:07,1,KanalÄ±ma AbunÉ™ Olun ZÉ™hmÉ™t olmasa XD lol
z13dztbi0nnvdruas04cjrmjwrnvvd4jxjw,Almighty Toffeebomb,2014-11-03T19:09:40,0,vay. Bununla baÄŸlÄ± ÅŸÉ™rh bÃ¶lmÉ™si hÉ™lÉ™ dÉ™ aktivdir. Pis deyil. HÉ™mÃ§inin 5277478 ÅŸÉ™rh.  (indi 79).
z13hgfzhnrj3sx0m222sfbo4drq1e5xyp04,Meth Lover,2014-11-03T20:32:26,1,http://binbox.io/1FIRo#123ï»¿
z12pzpvbfl2igbwhe04cihtpuwymvr5gvsg0k,NstyIC Gold,2014-11-03T20:41:23,0,Ching Ching ling long ding ring yaaaaaa Ganga sty SICK SÄ°ZÄ°.ï»¿
z12wvpdwfzzkfrerq04civhigpqrcxmxjzc0k,ĞĞ¸ĞºĞ¸Ñ‚Ğ° Ğ‘ĞµĞ·ÑƒÑ…Ğ¾Ğ²,2014-11-03T21:38:17,1,https://www.indiegogo.com/projects/cleaning-the-pan--2 zÉ™hmÉ™t olmasa layihÉ™mdÉ™ mÉ™nÉ™ kÃ¶mÉ™k edinï»¿
z13tdv5jmlfpzj1rf04cd3ng4ljqjngxflg0k,ĞœĞ¸Ñ…Ğ°Ğ¸Ğ» ĞŸĞ°Ğ½ĞºÑ€Ğ°Ñ‚Ğ¾Ğ²,2014-11-03T22:22:14,1,KanalÄ±mda qardaÅŸÄ±m haqqÄ±nda bir video var...
z12ufn5puwnve3b2k22ntjqogym0fllgb04,Angek95,2014-11-03T22:28:56,1,"KanalÄ±mÄ± yoxlayÄ±n, zÉ™hmÉ™t olmasa!"
z13xslra3myri3jsn22hs1wxbyuvxplr004,Arianna Leighton,2014-11-03T23:02:47,1,"Burada kimsÉ™ Amazon, itunes, psn, google play, itunes vÉ™ ya hÉ™r hansÄ± digÉ™r hÉ™diyyÉ™ kartlarÄ± kimi hÉ™diyyÉ™ kartlarÄ±ndan istifadÉ™ edir? Onda siz heyrÉ™tamiz bir saytdan pulsuz hÉ™diyyÉ™ kartÄ± kodlarÄ±nÄ± É™ldÉ™ edÉ™ bilÉ™cÉ™yinizi bilmÉ™kdÉ™n xoÅŸbÉ™xt olacaqsÄ±nÄ±z. Budur 50 dollarlÄ±q itunes hÉ™diyyÉ™ kartÄ± kodu XXBB5TCZHM39HVZDï»¿"
z132v5iajkjuhfkyn04cg3mxclnnzj0yxmo0k,richardex8,2014-11-03T23:03:03,0,"NiyÉ™ bu videoya bu qÉ™dÉ™r Ã§ox baxÄ±ÅŸ var? Ã‡Ã¼nki Asiya ÅŸeylÉ™ri mÃ¶htÉ™ÅŸÉ™mdir vÉ™ qeyri-Asiya Ã¶lkÉ™lÉ™ri jeledir, ona gÃ¶rÉ™ dÉ™ bu videoya baxaraq Asiyadan Ã¶yrÉ™nmÉ™yÉ™ Ã§alÄ±ÅŸÄ±rlar d:ï»¿"
z12mtx5hxnutsxzfn23tsljjrm2mwxtwm04,ĞĞ»ĞµĞ³ ĞŸĞ°ÑÑŒ,2014-11-03T23:29:00,1,KanalÄ±mla birlikdÉ™ olun
z121ft552pzpzhiab04cffmwitfii3lr5v40k,Crooked Gaming,2014-11-04T00:00:57,1,MÉ™n oyun kanalÄ± yaratdÄ±m (Unikal deyilmi?) :L Angry Minecraft!ï»¿
z135jnejqyylxvxc323tifugxr3idl1oq04,Monwar Sarkar,2014-11-04T00:18:07,1,"ZÉ™hmÉ™t olmasa, http://www.gofundme.com/littlebrotherï»¿ bura getmÉ™yimÉ™ kÃ¶mÉ™k edin"
z13zfpqpvpyvwfymk232ux4odsr1s5wm0,Jack ToadROXMK,2014-11-04T02:00:14,1,MÉ™nÉ™ abunÉ™ olan hÉ™r kÉ™s 10 abunÉ™Ã§i qazanacaq
z13sx1mitrmpcls3f22hi5ep1yq5cvmld,roflcopter2110,2014-11-04T02:22:06,1,http://thepiratebay.se/torrent/6381501/Timothy_Sykes_Collectionï»¿
z13juvrhisuzsfczo04cgnsxhlfdiz2rhho,Imprezzi Vidzz,2014-11-04T03:12:23,1,"VideolarÄ±m yarÄ± yoldadÄ±r, istÉ™yirsinizsÉ™, onlara baxÄ±n"
z130gviqarmshdnau04cdzigvs3jepx4qw00k,khir abqari,2014-11-04T07:37:28,0,"Bu videonun 2 milyard baxÄ±ÅŸa layiq olmadÄ±ÄŸÄ±nÄ± sÃ¶ylÉ™dilÉ™r , izlÉ™yicini izlÉ™mÉ™k Ã¼Ã§Ã¼n onu ziyarÉ™t etmÉ™yÉ™ davam etdilÉ™r . ï»¿"
z12zdj5ptyzpurkan04chtsqjszjxfmrk2w,Gloria Garcia,2014-11-04T11:38:51,1,itz recaps vÉ™ yuxarÄ±dakÄ± diddle abunÉ™ olun
z12li5throi5u540y220chro4nn5gl52k,xSparkShark,2014-11-04T12:40:15,0,Bu Ã§inli axmaqlÄ±ÄŸÄ± vidalayÄ±n mÉ™n onun nÉ™ dediyini heÃ§ baÅŸa dÃ¼ÅŸmÃ¼rÉ™m. NiyÉ™ hamÄ± kimi ingiliscÉ™ danÄ±ÅŸmÄ±r?
z13dsnfaozyyil4m322jijgx5m3aehem2,Emerson Zanol Zanol,2014-11-04T13:48:04,1,pul lazÄ±mdÄ±r? https://www.tsu.co/emerson_zanolï»¿ hÉ™zz alÄ±n
z13tczojhrqbjhv2c23kfby5wpysgpopa04,Lars Zaadstra,2014-11-04T13:54:25,1,VisuelgamingzNL kanalÄ±ma abunÉ™ oldum
z13qgx0yzwf1uj1xm04ccbkhjnrsgz0i41g,firo mota,2014-11-04T14:38:42,1,zÉ™hmÉ™t olmasa abunÉ™ olun mÉ™n yeni youtuberÉ™m vÉ™ kÃ¶mÉ™yÉ™ ehtiyacÄ±m var zÉ™hmÉ™t olmasa abunÉ™ olun vÉ™ mÉ™n yenidÉ™n abunÉ™ olacaÄŸam :D hoppa HOPPA GaNgAm StYlEï»¿
z13qgviizlv1d1c1422lylyahqz2h1zm5,Connor Groom,2014-11-04T18:00:07,1,mahnÄ±nÄ± bÉ™yÉ™nmirsinizsÉ™ mÉ™nÉ™ abunÉ™ olun
z13sgnbzkwjqhhd5004cfzaheobvzbuopyg0k,Kaiser Dragon,2014-11-04T18:09:18,0,Bu qÉ™ribÉ™ videodur.
z13etzhwwvzye1oav04cehnitxf5cx2xkts0k,Monster Sifou,2014-11-04T18:30:39,0,"8 milyon bÉ™yÉ™nmÉ™ xD, hÉ™tta abunÉ™Ã§i 8 milyon xD deyil"
z123jlf4lzjbgpbcr23yhxyqbpe3gxpvm,TIGERIO_,2014-11-04T19:46:38,1,EHI DOSTLAR KANALIMA ABUNÆ OLA BÄ°LÆRSÄ°NÄ°Z? MÆN YENÄ° YOUTUBERÆM VÆ MAYNECRAFT OYNARIRAM TÆÅÆKKÃœRLÆR OÄLANLAR!... ABUNÆ OLUN!ï»¿
z13kfzqicymszt0jp04ci5gqvqemyb2jsp00k,OFFICIAL LEXIS,2014-11-04T20:22:21,1,"HamÄ±ya salam! Musiqi xoÅŸunuza gÉ™lirmi? O zaman niyÉ™ mÉ™nim musiqi kanalÄ±ma baxmayaq.  LEXIS qrupu tezliklÉ™ Ã¶z mahnÄ±larÄ±nÄ± vÉ™ coverlÉ™rini yÃ¼klÉ™yÉ™cÉ™k, qaÃ§Ä±rmayÄ±n. ZÉ™hmÉ™t olmasa ABUNÆ OLUN, Ã§Ã¼nki bu bizÉ™ Ã§ox kÃ¶mÉ™k edir. SadÉ™cÉ™ bir klik alÄ±r. ->"
z12ftpab5svihfffz23kf3iiymiwjzesi,trespasser4000,2014-11-04T22:07:22,0,Bu mahnÄ± heÃ§ vaxt kÃ¶hnÉ™lmir
z13oyfkydl30exyip04cejozdtahgvx44ao,Pat M,2014-11-05T00:21:29,1,gofundme.com/grwmpsï»¿
z13cyzbbqsrxyfaec23xc10rdrrqgd0ch,Malin Linford,2014-11-05T01:13:43,1,"Hey uÅŸaqlar, zÉ™hmÉ™t olmasa yeni Google+ sÉ™hifÉ™mÉ™ baxÄ±n, orada Ã§oxlu gÃ¼lmÉ™li ÅŸÉ™killÉ™r var, FunnyTortsPics https://plus.google.com/112720997191206369631/postï»¿"
z13jsrtahyyqv53jc04cdr4bcwfwg3lauek,kenny clayton,2014-11-05T06:34:19,0,#2012bitchesï»¿
z135f3rwwnjafnnrv04cirmifl3lipewgl40k,Akymonix,2014-11-05T07:01:34,0,Ã‡in istehsalÄ±....
z13lip25arigch3rj04cf1ko0pnczzyrtng0k,Gaming Land,2014-11-05T07:48:10,0,5 milyon ÅŸÉ™rh vÉ™ 2 milyard baxÄ±ÅŸ
z13mzp44ul21sdqcj22sgriokxyuy5det,tom hawksbee,2014-11-05T07:49:21,0,0 sÄ±fÄ±rdÄ±r
z12rsjsiimjkjfkwt04ccbgosvrbgxupxu00k,Norman Reid,2014-11-05T08:12:06,0,Mix - PSY - GANGNAM STYLE (Gangnam Style) M/V: PSY - GANGNAM STYLE (Gangnam Style) M/Vï»¿
z13wfr2rbwytwbhf123cs1l5lz2aefdex,Emily Hamilton,2014-11-05T08:42:06,0,Buna 2 milyarddan Ã§ox baxÄ±ÅŸ olub.  allah bele.
z13vx3kbgmq5fnlgj04cfdoqtpfyw5xqzuc0k,rolle54100,2014-11-05T10:43:27,0,"necÉ™ 2.124.821.694 baxÄ±ÅŸ ola bilÉ™r ki, mÉ™n zombi apokalipsisindÉ™n sonra saÄŸ qalan yeganÉ™ insanam - salam, spoderman :)ï»¿"
z135vx5jfu2mfvwvr22cj11wupbtfr1gz04,MrBrunoExtreme,2014-11-05T15:10:43,1,KanalÄ±ma abunÉ™ olun zÉ™hmÉ™t olmasa
z13pdjsgqkjjtnlqz04cgtxafxqtylmixxg0k,xMasterGGx,2014-11-05T15:25:34,0,"2,124923004 baxÄ±ÅŸ... vay"
z12jc1uququpzbsoq04cg15poyfsxpvoojw,pro stomper,2014-11-05T15:27:34,1,dostlar zÉ™hmÉ™t olmasa kanalÄ±mÄ±n bÃ¶yÃ¼mÉ™sinÉ™ kÃ¶mÉ™k etmÉ™k Ã¼Ã§Ã¼n mÉ™nÉ™ abunÉ™ olun
z124i3ygclj0xn4ly22jzb5a2ubvtbev1,Abdinasir Omar,2014-11-05T15:28:28,0,HÉ™r halda É™la musiqi
z12kuncrps35wp1l0220s3t4ym32dtpin04,Aleksaivan Neidert,2014-11-05T15:35:49,0,PSY - GANGNAM STYLE (Gangnam Style) M/V: http://youtu.be/9bZkp7q19f0ï»¿
z123gnabnwbqtr1e022jejij0zzzez2os04,Luat ha hpuoc,2014-11-05T15:38:10,0,"o qÉ™dÉ™r dÉ™li, 2 milyarddan Ã§ox baxÄ±ÅŸ, nÉ™ ABÅ, nÉ™ Ä°ngiltÉ™rÉ™, onun Koreya respublikasÄ±, onun asiyasÄ±"
z121jvbjakmbehsys04ce5yj1y3hxx0hzsk0k,abdellah chafouai,2014-11-05T16:12:51,1,GÉ™nc MÉ™rakeÅŸin gÃ¶zÉ™l mahnÄ±sÄ±nÄ± kÉ™ÅŸf edin http://www.linkbucks.com/AcN2gï»¿
z13xhp2xmkeowtbyo04cffggylf3yjjpsns0k,Brotha B,2014-11-05T16:18:58,1,"HÉ™diyyÉ™ kartlarÄ± almaq kimi..lakin naÄŸd pul xÉ™rclÉ™mÉ™yÉ™ nifrÉ™t edirÉ™m.... Juno Wallet-i sÄ±nayÄ±n!!! Juno Wallet-dÉ™ siz kimi hÉ™diyyÉ™ kartlarÄ± Ã¼Ã§Ã¼n pul qazana bilÉ™rsiniz; Nike, Gamestop, Amazon, Ebay vÉ™ s. asan Videolara baxmaq kimi sadÉ™ tapÅŸÄ±rÄ±ÄŸÄ± yerinÉ™ yetirmÉ™klÉ™ pul qazanÄ±n.. proqramlar yÃ¼klÉ™mÉ™k vÉ™ hÉ™tta dostlarÄ±nÄ±zÄ± qoÅŸulmaÄŸa dÉ™vÉ™t edÉ™rÉ™k pul qazana bilÉ™rsiniz... qeydiyyatdan keÃ§mÉ™k pulsuzdur. Bu gÃ¼n qeydiyyatdan keÃ§in vÉ™ promo koddan istifadÉ™ edin. BD3721315"
z12dzlpo0ueie1go404cfjjwsxf1g1lrtdo,Amir effect,2014-11-05T17:18:14,0,3 milyard baxÄ±ÅŸa Ã§atanda kimsÉ™ mÉ™ni ayÄ±lda bilÉ™rmi?
z12jxvuzgxusjl1jw04ccxshdwyfx1pjzfk,lakis constantinou,2014-11-05T18:02:31,0,"PSY YOUTUBEDAN Ã‡OX PUL ALDI KÄ°, 2 MÄ°LYARD BAXIÅDAN ALDI BU DÃœNYADA ÆN Ã‡OX BAXIÅLARDIR :Dï»¿"
z13dgdl4hyirg3gcd23pw3nw0zrsebpqb04,just a filthy kafir,2014-11-05T18:05:17,0,Justin bieber = gey
z13gypjrmumhxromj23jyjhhenvdgpuxh04,HarveyIsTheBoss,2014-11-05T18:16:55,0,"GÃ¼lmÉ™li olduÄŸunu sÃ¶ylÉ™mÉ™lisÉ™n. 2 milyard dÉ™yÉ™rindÉ™ gÃ¼lmÉ™li deyil, amma yenÉ™ dÉ™. TÄ±kladÄ± vÉ™ hÉ™r ÅŸey yoxa Ã§Ä±xdÄ±. Æn azÄ± 1 nÃ¶mrÉ™li JB-nin pisliyi yoxdur.ï»¿"
z12wilyi3mzzjlzkw225hrzrxvb4tjgln,M7AMDksa,2014-11-05T19:51:38,0,â¤ï¸ â¤ï¸ â¤ï¸ â¤ï¸ â¤ï¸â¤ï¸â¤ï¸â¤ï¸ï»¿
z12uw5z5roiqel3ds22iifbhbmnijn1qz04,Noah FranÃ§ois,2014-11-05T20:15:09,0,"Ahhh, 2 il É™vvÉ™l...."
z12wsx5amr3ahbgl122mc5qr5v23vnist,Neely Nesley,2014-11-05T20:19:26,1,"RÉ™qs rÉ™qsi,,,,,Psy http://www.reverbnation.com/msmarilynmilesï»¿"
z122f10gdvathpo2222pshcxxpjliddjv04,BmwManDexter,2014-11-05T20:33:15,1,"epik videolara baxmaq Ã¼Ã§Ã¼n ""starlitnightsky"" kanalÄ±na baxÄ±n"
z13ghjrh5vqbetiw104chhdrlsv0szfqbxk0k,KodysMan Dunt Know,2014-11-05T21:10:09,1,https://www.tsu.co/KodysMan plz ^^ï»¿
z13nwn54ukukyhdfb223vttqnu31hvf4k04,nachopinca3901,2014-11-05T21:14:36,0,Axmaq insanlar... bu videonun 2 milyard ziyarÉ™ti yoxdur. 2 min milyon var
z12kcx2ahwmpupnw004cdt3rwqfes3xgbns0k,Mehmet Demirel,2014-11-05T21:25:27,1,http://www.gcmforex.com/partners/aw.aspx?Task=JoinT2&AffiliateID=9107ï»¿
z12udxjwpwurtlwz304ccbrhdtusth4herk0k,PacKmaN,2014-11-05T21:56:39,1,"MÉ™n musiqimÉ™ Ã§ox sÉ™y gÃ¶stÉ™rmiÅŸÉ™m, amma tÉ™É™ssÃ¼f ki, Ã§ox adam izlÉ™mir"
z13ky1cgzpjpvdpp004chhebvqnkhnpjmzo0k,Alessandro leite,2014-11-05T22:21:36,1,pls http://www10.vakinha.com.br/VaquinhaE.aspx?e=313327 mÉ™nÉ™ vip silahÄ± Ã§apraz atÉ™ÅŸ almaÄŸa kÃ¶mÉ™k edin
z121cngqep23db2o404cjf4zvsf2cjerdaw,TLouX music,2014-11-05T22:41:42,1,MÉ™ni bura É™lavÉ™ et...https://www.facebook.com/TLouXmusicï»¿
z13osluqrpefv1hd323idhejzxanc3ai004,Tyrek Sings,2014-11-05T22:50:02,1,KANALIMA BAXIN XAHÄ°Å EDÄ°N. MÆNNÆ MÆHNÆ EDÄ°RÆM
z12ehhxzutqbsjrpq04ccjlqhrv5y3dzkn40k,NursePoison,2014-11-06T01:12:14,0,"DÃ¼ÅŸÃ¼nÃ¼rÉ™m ki, bura indi ÅŸÉ™rh bÃ¶lmÉ™sindÉ™ kanallarÄ± tanÄ±tmaq Ã¼Ã§Ã¼n bir yerdir.ï»¿"
z12bv5zxvpryjjspn04cdfwz5lrtzjhooqw0k,Peter Johnson,2014-11-06T01:44:12,1,Pulsuz hÉ™diyyÉ™ kartlarÄ± vÉ™ paypal pulu É™ldÉ™ edin!
z12zstfhixudundzf04cjbsp0rjrzh1rw3k,MiningBip3,2014-11-06T02:22:00,1,KanalÄ±mdakÄ± pivot animasiyalarÄ±na baxÄ±n
z13zxdkalk3ryvxr004cj1vabkn2dvcyusg0k,Ju`Wan Wright,2014-11-06T02:39:07,1,Twitter vÉ™ IG-dÉ™ mÉ™ni izlÉ™yin: __ killuminati 94ï»¿
z12zjztrvlnafvk2n230wjmztyfxxpbk2,CronicleFPS,2014-11-06T03:10:26,1,"MÉ™ni yoxlayÄ±n, mÉ™n oyunla mÉ™ÅŸÄŸulam"
z12mzferzsanzhld022fhhdarrusivwkq,marye,2014-11-06T04:42:33,0,Oppa! BÉ™li! Æn YaxÅŸÄ± MahnÄ±!
z13cydjppmiostv1l22dtzd5xnbjebax004,Giang Nguyen,2014-11-06T04:54:22,1,ÆtraflÄ±... http://www.sunfrogshirts.com/Sunglass-World.html?24398ï»¿
z13hubqrnwquen2gu04cdbbx4rqgxxcwvo00k,Giang Nguyen,2014-11-06T04:55:41,1,https://www.facebook.com/teeLaLaLaï»¿
z13xsxxqlxnzz3d3g22wfjx5lsrjgpaic04,MasterRobotTV,2014-11-06T05:40:43,1,http://www.twitch.tv/zxlightsoutxzï»¿
z13zjbvbeszjcvdsx22ww5cgcrydzlf5u04,ROB YSF,2014-11-06T09:15:12,1,mÉ™nÉ™ bu mahnÄ±nÄ± xatÄ±rladÄ±r https://soundcloud.com/popaegis/wrenn-almond-eyesï»¿
z12yinh5ks2oinqzn04cctkgvvrohbrazvo0k,Rancy Gaming,2014-11-06T09:41:07,1,HansÄ± pulsuz hÉ™diyyÉ™ kartlarÄ±? Bura daxil olun http://www.swagbucks.com/p/register?rb=13017194ï»¿
z13mtrjqsqzliho5w04cex3zmoqfvnpgyys0k,FatPocketsTv,2014-11-06T09:49:14,1,"Axtar ""Chubbz Dinero - HazÄ±r vÉ™ ya Deyil"" TÉ™ÅŸÉ™kkÃ¼rlÉ™r"
z12lg1vizrmsgxm3q23oij4aqrjxjdd1p,Holly,2014-11-06T13:41:30,1,Twitter @mscalifornia95ï»¿-dÉ™ mÉ™ni izlÉ™yin
z13zhhualofpyz22z22pydei0oeyt5abc04,unknown,2014-11-06T14:50:18,0,ğŸ˜«ğŸ˜“ğŸ˜ğŸ˜ªğŸ˜”ğŸ˜–ğŸ˜ŒğŸ˜­ğŸ˜ğŸ˜šğŸ˜˜ğŸ˜™ğŸ˜—ğŸ˜‹ğŸ˜ğŸ˜œğŸ˜›ğŸ˜ğŸ˜’ğŸ˜ğŸ˜·ğŸ˜¶ğŸ˜µğŸ˜³ğŸ˜±ğŸ˜±ğŸ˜²ğŸ˜² ğŸ˜©ğŸ˜¨ğŸ˜§ğŸ˜¦ğŸ˜¥ğŸ˜¤ğŸ˜£ğŸ˜®ğŸ˜´ğŸ˜¢ğŸ˜¡ğŸ˜ ğŸ˜¬ğŸ˜•ğŸ˜‘ğŸ˜ğŸ˜¯ğŸ˜‰ğŸ˜ˆğŸ˜‡ğŸ˜†ğŸ˜…ğŸ˜„ğŸ˜ƒğŸ˜‚ğŸ˜€ğŸ˜Š yer Ã¼zÃ¼ndÉ™ hÉ™r bir Ã¼z nÃ¶vÃ¼
z12sil2ziqneyjxpx04cehcgcsmmcr1a3ew,"thevlogmasters Vlog, Challenges en nog veel meer!",2014-11-06T15:28:54,0,â–¬â–¬â–¬â–¬â–¬â–¬â–¬â–¬â–¬â–¬à®œÛ©ÛÛ©à®œâ–¬â–¬â–¬â–¬â–¬â–¬â–¬â–¬ ï¼¤ï¼¡ï¼­ï¼® ï¼´ï¼¨ï¼©ï¼³ï¼´ï¼­ï¼­ï¼­ï¼­ï¼­ ï¼©ï¼³ ï¼¦ï¼¡ï¼®ï¼£Y â–¬â–¬â–¬â–¬â–¬â–¬â–¬â–¬â–¬â–¬à®œÛ©ÛÛ©à®œâ–¬â–¬â–¬â–¬â–¬â–¬â–¬â–¬ï»¿
z12scr5ixnexwh2xa04civ3o3k25dr3wkfw,Freddie Barton,2014-11-06T15:31:35,1,YENÄ° 'STATIC' MAHNIMI ÃœÃ‡ÃœN KANALIMA YOX EDIN!! SÆN BÆYÆNÆCÆKSÄ°N !!
z13actcqdm31slqqu04cctub4n2nw1swwy00k,Sean Ortiz,2014-11-06T16:48:02,1,HÉ™qiqÉ™tin sizinlÉ™ qarÅŸÄ±laÅŸdÄ±ÄŸÄ± Incmedia.org
z13dvrmxorf0cnj0423rsfcjlxevgjwll,ZodexHD,2014-11-06T17:50:59,1,kanalÄ±ma baxÄ±n mÉ™n minecraft pe lets play edirÉ™m
z12oep2i2ybiyn0sy23tc1uptrmkhxbse,Andr3wco7,2014-11-06T17:59:30,0,Bu mahnÄ±nÄ± indi tapdÄ±m
z13huxgx5rikd13v422khjnjusyvzxx4c04,michelle clough,2014-11-06T18:00:04,0,2 MÄ°LYARD!!!
z12qzzbpbzn4c5zwu04cir5gmzfozhy4cjk,lebanonwarior1,2014-11-06T18:07:21,0,MahnÄ±nÄ±n adÄ±??
z13mebgjooulgzdkt23kzvlqjyrzx32n0,amine moha,2014-11-06T18:11:37,1,zÉ™hmÉ™t olmasa bÉ™yÉ™nin: http://www.bubblews.com/news/9277547-peace-and-brotherhoodï»¿
z12tzt2pluixhpbs4221xveiiqafd3epw04,PacKmaN,2014-11-06T18:23:21,1,"bir daha salam, mÉ™nim tÉ™lÉ™mÉ™ baxmaÄŸÄ±n É™leyhinÉ™ deyilsinizsÉ™, bÉ™yÉ™nin vÉ™ 3 videonu bÉ™yÉ™nin"
z13udh04hqjeyney404cgloh0vbegbmgvq40k,fad lad,2014-11-06T18:24:19,1,http://www.amazon.co.uk/gp/offer-listing/B00ECVF93G/sr=8-2/qid=1415297812/ref=olp_tab_refurbished?ie=UTF8&condition=refurbished&qid=1415297812&sr=8-2 ï»¿
z13dtz1zzkagdromt230g5cqfsejstr3p,Digital Media Butterfly,2014-11-06T18:55:14,0,"YouTube-da É™n Ã§ox baxÄ±lan video 2,1 milyard baxÄ±ÅŸla Psy-nin â€œGangnam Styleâ€ klipidir. PSY - GANGNAM STYLE (ê°•ë‚¨ìŠ¤íƒ€ì¼) M/Vï»¿"
z12ox3a5vviky5ctq22nz1ewpo24wxyis04,JackTheLad,2014-11-06T19:00:11,1,"MÉ™nÉ™ abunÉ™ olun, mÉ™n dÉ™ abunÉ™ olacaÄŸam!!!"
z13zy52aayqxsx5nr23curipvrretdy35,JoelR Ch,2014-11-06T19:28:25,1,http://flipagram.com/f/LUkA1QMrhFï»¿
z12sitjpgyy3f5j2322iy1figqa4vnyja04,OverSpace33,2014-11-06T19:40:59,1,Milad MahnÄ±sÄ± Ã¼Ã§Ã¼n kanalÄ±mÄ± ziyarÉ™t edin! ;)ï»¿
z12nejhigtr0tdvy504cgfcrhzvycxzin0k,Detroit Red Wings,2014-11-06T20:55:09,1,http://www.gofundme.com/gvr7xgï»¿
z13chfswltzzyhys1234dvkb3r2ien0ld,DirtySouthFlorida3,2014-11-06T22:00:58,1,MÉ™nÉ™ abunÉ™ olun mÉ™n geri abunÉ™ oluram!!!! ÃœstÉ™lik mÉ™nim gÃ¶zÉ™l gÃ¶tÃ¼m var lol
z12tul0onm20hffur22qxhs5mvijddfj404,David BoÄek,2014-11-06T22:40:49,1,https://www.change.org/p/facebook-twitter-youtube-do-not-censor-julien-blanc ï»¿
z121hjrymmf2jh4rf04cjrybiyfotjmof1g,Jackal James,2014-11-06T22:53:08,1,https://soundcloud.com/jackal-and-james/wrap-up-the-nightï»¿
z120wncjevujt1aju04cff4b1yfcvhrbpis,Goran Theboss,2014-11-06T23:16:52,1,https://www.surveymonkey.com/s/CVHMKLTï»¿
z124y1czouyechz4j04citox1mn1wz5pmos0k,YoungBrothersRecords,2014-11-06T23:22:32,1,"ZÉ™hmÉ™t olmasa, bizÉ™ bir ÅŸans verin vÉ™ kanalÄ±mÄ±zdakÄ± yeni klipÉ™ baxÄ±n!  Siz mÉ™yus olmayacaqsÄ±nÄ±z."
z12yu11xyumitzpho04cix1y3zn3ijrpcm40k,Chinsoman Films,2014-11-07T01:22:02,1,ZÉ™hmÉ™t olmasa mÉ™nÉ™ abunÉ™ olun
z13hfnup3tmvxhqfx22yvx4qnwj2gjj2a,Moymoy Palaboy,2014-11-07T01:24:27,0,"Bu, tarixin É™n yaxÅŸÄ±, gÃ¼lmÉ™li vÉ™ viral videosu (youtube) THE TRUEï»¿"
z13neh044nq2wn0o404citkh2taufzqxuz40k,Mason Sieverding,2014-11-07T01:50:10,1,ZÉ™hmÉ™t olmasa videolarÄ±ma baxÄ±n
z12uwhfpwnfrepmhg04ccx2ioxqzip4o0xw0k,VIP 2NEXO,2014-11-07T02:02:02,0,GANGNAM STYLE BÄ°LDÄ°RÄ°N!!!ï»¿
z12kttwqvzi4fd0ei23rdp4xjt2ef5hbk04,Gaming 101,2014-11-07T04:13:47,0,"GÃ¼lmÉ™li olan odur ki, baxÄ±ÅŸlarÄ±n 1.700.000.000-Ä± spam-botlardÄ±r. MÉ™n 2 MÄ°LYARD baxÄ±ÅŸÄ± nÉ™zÉ™rdÉ™ tuturam? BS!"
z131xnjjtqeyh5dy304cfhm50vagttfyemg0k,Chack Jason,2014-11-07T04:39:08,0,OPPA <3ï»¿
z122dfb5htjxgpbot04cdj1aikatybbjsb0,Kitts Hausman,2014-11-07T04:48:01,0,Ã‡ox gÃ¼lmÉ™li mÃ¶cÃ¼zÉ™dir lol aaaaaaa sexy ladağŸ˜‚ï»¿
z133xzqp3ubgyf2ko22osxkrfzvbd5b2y,TheInfectedDoge Gameplay,2014-11-07T05:04:28,0,dÃ¼nyada É™n Ã§ox baxÄ±lan video
z122srjbvovwzxg0522yd1i4ty3kznxqs04,Warrdrew,2014-11-07T07:46:57,0,MÉ™n baxÄ±ÅŸlarÄ± yoxlamaq Ã¼Ã§Ã¼n buradayam
z13lezboqn35jtqlm23mcpgp3tjbghmvk,Parssa Alimadad,2014-11-07T07:54:13,0,"Bunu oxuyan É™ziz insan, sÉ™n gÃ¶zÉ™lsÉ™n vÉ™ sevÉ™nsÉ™n. GÃ¼nÃ¼nÃ¼z yaxÅŸÄ± keÃ§sin"
z132yfjb1q2aupnvp224it3zdlfgebvxy04,Adrian Skalak,2014-11-07T08:19:37,1,http://www.ermail.pl/dolacz/V3VeYGIN TIKLAYIN http://www.ermail.pl/dolacz/V3VeYGIN http://www.ermail.pl/dolacz/V3VeYGIN http://www.ermail.pl/ dolacz/V3VeYGIN http://www.ermail.pl/dolacz/V3VeYGIN http://www.ermail.pl/dolacz/V3VeYGIN http://www.ermail.pl/dolacz/V3VeYGINï»¿
z12av324qzztf5tan04ci1kycxbnf3u4f4g,BeatBoxBaaa,2014-11-07T09:04:08,1,"Yeni sosial ÅŸÉ™bÉ™kÉ™ TSU-nu sÄ±namÄ±sÄ±nÄ±z? Bu yeni sosial ÅŸÉ™bÉ™kÉ™nin xÃ¼susi bir xÃ¼susiyyÉ™ti var. YazÄ±larÄ± hÉ™m fb, hÉ™m dÉ™ twitter-dÉ™ paylaÅŸa vÉ™ hÉ™tta Ã¶dÉ™niÅŸli olmaq Ã¼Ã§Ã¼n burada qeydiyyatdan keÃ§É™ bilÉ™rsiniz: https://www.tsu.co/WORLDWIDE_LIFEï»¿"
z12aillowmuftn5l022cv3hwbofjctgch,Cool Ong,2014-11-07T09:55:39,0,SarÄ± kostyumlu oÄŸlan Jae-suk kimi gÃ¶rÃ¼nÃ¼r
z13xtdlovm2hzl05d04ccz1pnvqtezdriqc0k,UroÅ¡ Slemenjak,2014-11-07T12:08:13,1,"Ä°nsanlar, bura FB kimi yeni bir ÅŸÉ™bÉ™kÉ™dir...siz hÉ™m dÉ™ pulsuz qeydiyyatdan keÃ§irsiniz, fÉ™rq yalnÄ±z paylaÅŸmaq, ÅŸÉ™rh yazmaq vÉ™ postlarÄ± bÉ™yÉ™nmÉ™k Ã¼Ã§Ã¼n pul almaÄŸÄ±nÄ±zdÄ±r vÉ™ buna gÃ¶rÉ™ dÉ™ bir... paylaÅŸmaq Ã¼Ã§Ã¼n fb-dÉ™ vaxtÄ±nÄ±zÄ± itirmÉ™yin vÉ™ yox. Ã¶dÉ™nilir!! GÃ¼ndÉ™lik yazÄ±larÄ±nÄ±zla pul qazanmaq Ã¼Ã§Ã¼n burada qeydiyyatdan keÃ§in!  https://www.tsu.co/slema13 HÉ™r kÉ™sÉ™ xoÅŸ gÉ™lmisiniz! ;)ï»¿"
z130xbcwfnj5vlskv23airsxqqfqvhl5504,Adam Mudd,2014-11-07T12:16:08,0,NecÉ™ 2 milyard baxÄ±ÅŸ var vÉ™ dÃ¼nyada cÉ™mi 2 milyon insan var!?!?!?!!! Ã‡OX HESAB!!!1111ï»¿
z12kix1zlmz3fhmhf04cipe5qpvsxrezbpg0k,Cromwell John Pascual,2014-11-07T12:51:06,0,BU YOUTUBE-DA EN Ã‡OX GÃ–NLÆNÆN VÄ°DEONU VAXT EDÄ°RSÄ°NÄ°Z!ï»¿
z12mx3zj3pqigd3nb23xtpzwnriczf0zo04,Starfire003,2014-11-07T12:58:57,0,"OMG 2/7 Ä°nsanlar bu videoya baxdÄ±, Ã§Ã¼nki dÃ¼nyada 7 milyard insan var vÉ™ 2 milyard buna baxÄ±bï»¿"
z12afdtaypuat3t5s04ccv4g4xe1elvbcdw,Lindsay Wofford,2014-11-07T13:12:45,0,O nÉ™ deyir?!?!?!?!?!?!?$? ï»¿
z123gh5o1pibgntf222einrisrfasnha104,Romeo Sweeney,2014-11-07T13:33:12,0,bunun Ã§ox baxÄ±ÅŸÄ± var
z13xgr1w3oeycnszq04cihybwtimi3vqc40,Thanh Phong,2014-11-07T13:48:31,0,2 milyarddan Ã§ox baxÄ±ÅŸ!
z13mc51qfqeozdpun23kgri5kzjnjpitj,Callum Barr,2014-11-07T13:49:41,1,MÉ™nÉ™ abunÉ™ olun plz plz plz plz plz plZ ï»¿
z13yeb25wmevhpg3s22chjtxoszvgxxxl04,funtimekid1199,2014-11-07T14:11:41,1,http://www.twitch.tv/tareko100 Onu twitch-dÉ™ izlÉ™yin vÉ™ !5800 aÃ§ar sÃ¶zÃ¼nÃ¼ daxil edin vÉ™ buxar bazarÄ±nda sata bilÉ™cÉ™yiniz csgo Ã¼Ã§Ã¼n hÉ™qiqÉ™tÉ™n gÃ¶zÉ™l vÉ™ bahalÄ± silah qazanmaq ÅŸansÄ±nÄ±z olacaqï»¿
z13qgpqwlqbgj5jqy04cgnjqruv0gpdaino0k,css403,2014-11-07T14:25:48,0,"MÉ™n 2,126,492,636 izlÉ™yiciyÉ™m :Dï»¿"
z12wjxmyvzr1yps4d04cfrexyorisrfqpc0,Dovydas Baranauskas,2014-11-07T14:29:19,1,https://www.tsu.co/Aseris buradan pul qazanÄ±n!ï»¿
z13cc1abmqz5cjpkc223ybzavyibznjey,ì „ê´‘ìš©,2014-11-07T15:14:48,0,Fantastik!
z121eftbimqgy1p5504cjx24tpvbjrpisnc0k,sagar basnet,2014-11-07T15:31:25,0,DÃ¼nya É™halisi 7 milyarddan Ã§oxdur
z121yttbfpyxw1dya04cgtq4clasebvoib4,Vitor Belliny,2014-11-07T15:43:29,0,2.126.521.750 baxÄ±ÅŸ!!!!!!!!!!!!!!!!!!!ï»¿
z130zp15xof5db0x204cfv55awj1wl3aipc0k,Gianpaolo T,2014-11-07T15:58:09,0,Vay 23 dÉ™qiqÉ™ É™vvÉ™l
z12ufrszxq3zstw0r22yfbipvqvaypold,josson 64,2014-11-07T15:58:57,0,SUPER!!! !!!!!!!!!!!!!!!!!!!!!!!!!!!!!!!!!!!!!!!!!!!!
z12lsp3pnmqlirwwk04cepijkvrustgbcgs,Isuzu,2014-11-07T16:38:47,0,P E A C E & L O â€‹â€‹V E ! !ï»¿
z12iubmp2mv1txfsy235vb2xdqirufcp304,jayson calzado,2014-11-07T17:03:01,0,MÉ™n yer Ã¼zÃ¼ndÉ™ tÉ™k baxanda bu musiqi videosu necÉ™ 2 milyard baxÄ±ÅŸ toplaya bilÉ™r?????? lol
z12kyn0qjzzzur2ai04cg5szenjxdrorp4w,O sÃ¡bio das 7 eras,2014-11-07T17:06:48,1,Dostlar kitabÄ±mÄ± oxuyun vÉ™ tÉ™krar edin: http://www.4shared.com/web/preview/pdf/CjFofTxeba?ï»¿
z13ccrthzkqdhl0ia04cjvobvtmafbd53ow0k,Pro Video,2014-11-07T17:53:51,1,mÉ™nÉ™ abunÉ™ olun :)
z13rwrwppmyugtzco23xzjswqmrzilyxw04,Vepi road to TIx,2014-11-07T17:54:36,0,HÉ™lÉ™ dÉ™ É™n yaxÅŸÄ±sÄ±. :D
z12iircxtsjpwvqbd04chjzbemjtj5kohxg0k,Bert Dionne,2014-11-07T18:05:40,0,YouTube-da É™n Ã§ox bÉ™yÉ™nilÉ™n video...
z12twf5qnmr2vhzsp23nzvn43uekgp4hq04,no honesty,2014-11-07T18:11:06,0,2 il sonra buna hÉ™lÉ™ dÉ™ baxÄ±rsÄ±nÄ±z? ï»¿
z124g1oy2wfitb3tw23bw1po2ozhurojq04,LaunchPad Mad,2014-11-07T18:11:56,1,"salam! MÉ™n Youtube-da yeniyÉ™m vÉ™ tezliklÉ™ Launchpad VideolarÄ±nÄ± hazÄ±rlayacaÄŸam! :D Ä°nsanlar mÉ™ni asanlÄ±qla gÃ¶rÉ™ bilmÉ™lÉ™ri Ã¼Ã§Ã¼n baÅŸlamazdan É™vvÉ™l bir neÃ§É™ abunÉ™Ã§im olsa, Ã§ox ÅŸad olaram! MÉ™n nifrÉ™t ÅŸÉ™rhlÉ™rinÉ™ É™hÉ™miyyÉ™t vermirÉ™m, ona gÃ¶rÉ™ dÉ™ narahat olmayÄ±n -_-ï»¿"
z13dibpi3raby5evk22yzhfwuli2hnj0t,Aj Riberal,2014-11-07T18:52:29,0,"Lol...BilmirÉ™m bu zarafat necÉ™ Ã§oxlu bÉ™yÉ™nmÉ™ alÄ±r, amma hÉ™r halda. xD"
z13ajrybhwehvxctd22xjvnjvvfig1mai04,SRK FAN,2014-11-07T19:18:25,0,Bu Bok ParÃ§asÄ±na 2 Milyar BaxÄ±ÅŸ... ~ A R E ~ Y O U ~ K I D D I N G ~ M E ~ï»¿
z12xczhjizrzuhvlp22gh3apkrasg3ggt04,Ben Stalker,2014-11-07T19:27:45,0,GANGNAM STYLE DDDD--BASSI DÃœÅÃœR!!*ï»¿
z13zv3phsxnput04k04cdnkw4svghdnas4c,xxxTheMikeTxxx,2014-11-07T19:33:03,0,Bu mahnÄ± nÉ™ vaxtsa 7 Milyar BaxÄ±ÅŸa Ã§atacaqmÄ±?
z134d5hbckywylmj404cgnlo3kysfhsjoeg,Kemal Kurtoglu,2014-11-07T19:33:46,1,"MÉ™n RAPPER/MAHNI MÆHKÆMÆSÄ°YÆM, videoma baxÄ±n LÃœTFEN..hÉ™mÃ§inin daha Ã§ox tÉ™ÅŸÉ™kkÃ¼rlÉ™r Ã¼Ã§Ã¼n abunÉ™ olun :) fikirlÉ™rinizi bildirin.ï»¿"
z130vjpadznpiv44x04cgd1ooljghlzg0es,ahmed khalifa,2014-11-07T19:45:26,0,"DÃ¼nya É™halisinin 29,24%-ni tÉ™ÅŸkil edÉ™n bÃ¼tÃ¼n dÃ¼nya É™halisini salamlayÄ±ram, gÃ¼nÃ¼nÃ¼z yaxÅŸÄ± keÃ§sin inÅŸallah :)ï»¿"
z13rdtkxmnfsdptlc22qwryhlsrfslcht04,Adele Lupei,2014-11-07T19:47:06,0,"Bu, bÃ¼tÃ¼n ""Sikimi liftdÉ™ iliÅŸib qaldÄ±m"" bÉ™hanÉ™si ilÉ™ baÅŸlayan videodur? ï»¿"
z12hidxilpv4uduvf23jdjp4nleeulehc04,Daniel Istrati,2014-11-07T19:47:16,1,Kim mÉ™nim kanalÄ±ma abunÉ™ ola bilÉ™r? :D
z12sjrqiurm3sd4rh04chz4oplrmhzmgzmg0k,Stronzo Chicheritr,2014-11-07T20:01:15,0,tarixdÉ™n É™vvÉ™lki mahnÄ±.. olub
z13sw1fapx2dijgv323dur5rcyz3urnut,none dies virgin life fucks us all,2014-11-07T20:05:35,0,Ã–zÃ¼nÃ¼ aÄŸÄ±llÄ± hesab edirsÉ™n?        ÃœzÃ¼nÉ™ baÅŸ vur.
z12di5a51quhttio304cirdpnvroex14jfg,JakeFrostMiner Palanca,2014-11-07T20:12:11,0,BÆYÆNMÆM.. Ä°ndi biri REAL musiqini bilir - keÃ§miÅŸ. Enimen
z13wj1pgwlfjjjn4d04cilo5nwnhsbdavzg0k,Tee Tee,2014-11-07T20:16:51,0,HeÃ§ kimin (mÉ™ni) baÅŸa dÃ¼ÅŸmÉ™diyi gÃ¼lmÉ™li gÃ¶zÉ™l mahnÄ± vÉ™ biz onu sevirik
z13pfnrxuyelivdoz04cgdx4esa2dxeymck,Oopsthenameistoolong Oh well,2014-11-07T20:18:19,0,Siz dÉ™ bura gÉ™lsÉ™niz gÃ¶rÃ¼n bu mahnÄ±ya neÃ§É™ baxÄ±ÅŸ var
z13wf3fztpfffjoit04chjaxhkurtf1oh5g,witsnow roxiie,2014-11-07T20:45:32,0,Sizin Ã¼Ã§Ã¼n dua edirik KiÃ§ik Psi â™¡ï»¿
z132fb4jenqfv5x2r23swfmiyrafyf5ue,johan gade,2014-11-07T21:06:36,0,"''Balaca Psi, cÉ™mi 5 ay qaldÄ±.. BaÅŸÄ±ndakÄ± ÅŸiÅŸ :( SÄ°ZÄ°N ÃœZRÆ OLACAQ <3ï»¿"
z13oc52ihn22tfz3n231vv4bvxrujn0f0,2666playboy,2014-11-07T21:39:21,1,MÉ™ni Instagram-da izlÉ™yin. _chris_cz ï»¿
z12rd3vqqsjydb35a04cfxi4kprfxruh5ew,Melissa Harmon,2014-11-07T22:01:04,0,bu bok necÉ™ aktualdÄ±r
z12ffbi4hyauctqeg22livra0kzjcjffv,Eddie Murphy,2014-11-07T22:19:03,0,LOL bu pislik heÃ§ vaxt kÃ¶hnÉ™lmir
z130i3yaexrmtxyic04ccnk5hwvfs33as0c,Alucard Hellsing,2014-11-07T22:21:29,0,"NÉ™ deyÉ™ bilÉ™rÉ™m....Bu MahnÄ± O, SadÉ™cÉ™ DÃ¼nyanÄ± TamamilÉ™ DÉ™yiÅŸdirir... YaxÅŸÄ± iÅŸ PSY... (vÉ™ qÄ±zlarÄ±nÄ±z mÃ¶htÉ™ÅŸÉ™mdir :))) )ï»¿"
z13welx54xa4irprk04cfljw0o3gcnkrxzg0k,John Plaatt,2014-11-07T22:22:29,0,0:02-dÉ™ eynÉ™kdÉ™ kameranÄ± gÃ¶rÉ™ bilÉ™rsiniz....
z13whrhzczjfx5ozo04chrtiyzunjjewwlk0k,YOU ARE NOW WASTING SECONDS OF YOUR LIFE BY READING THIS LONG STUPID NAME WHICH MAKES NO SENSE!,2014-11-07T22:41:04,0,bu ÅŸÉ™rh sÉ™hvdir
z13iwppp5kf4gnyxn04cjns5kzn4xd0qdwk0k,juanmanuel cespedes,2014-11-07T22:59:13,0,bu musiqiyÉ™ nifrÉ™t edirÉ™m. lanet mÃ¼ÄŸÉ™nni vÉ™ hÉ™r koreyalÄ± Ã§inli vÉ™ amerikalÄ± mÉ™ni sikir.ï»¿
z13wtr2yssezhdaqa04cjvbody3qwjhpwk00k,Kirill Nazarethian,2014-11-07T22:59:37,0,2:05. Hahahahaha
z130dbmz2ourjtupz04chhjrpunwcr4yjrs0k,King uzzy,2014-11-07T23:19:08,0,2014-cÃ¼ ilin dekabrÄ±na kimi 3 milyard baxÄ±ÅŸ sayÄ±na Ã§ata bilÉ™rikmi? ï»¿
z12jy1tw0unnhhdnh23yyvyhjsnljxhf4,Gio D.,2014-11-07T23:23:54,0,Lal OÄŸlan: Yer Ã¼zÃ¼ndÉ™ 7 milyon insan olduÄŸu halda niyÉ™ 2 milyard baxÄ±ÅŸ olur??? HÉ™m dÉ™ 1+1-in nÉ™yÉ™ bÉ™rabÉ™r olduÄŸunu bilirÉ™m! 1+1=1! MÉ™n aÄŸÄ±llÄ± ÅŸalvaram
z124inzqgoyeh33uw23iibficv2kuf2nx,anthony Jennings,2014-11-07T23:26:04,0,"""Bu MahnÄ± Ä°ndi Ã‡ox KÃ¶hnÉ™dir, DinlÉ™mÉ™yin HeÃ§ Bir MÉ™nasÄ± Yoxdur"" DeyÉ™n Adamlar ÆsÉ™r. SadÉ™cÉ™ Stfu vÉ™ MusiqidÉ™n hÉ™zz alÄ±n. DemÉ™li, ananÄ±z Ã§ox qocalÄ±b, amma siz hÉ™lÉ™ dÉ™ ona qulaq asÄ±rsÄ±nÄ±z?....ï»¿"
z13vc32olxm2znkjz04cd35gnozjebqhlig,TheLegitBroz,2014-11-08T00:26:35,0,"MaraqlÄ±sÄ± odur ki, bu mahnÄ± 2009-cu ildÉ™ hazÄ±rlanÄ±b, lakin Amerikaya Ã§atmaq Ã¼Ã§Ã¼n 2 il lazÄ±m olub."
z12xgnu4zmroi1vuu221wtihjlbjw3owv04,mindaugux,2014-11-08T00:36:31,0,niyÉ™ mÉ™n Ã¶z ÅŸÉ™rhimdÉ™n baÅŸqa heÃ§ bir ÅŸÉ™rh gÃ¶rmÃ¼rÉ™m?:/ï»¿
z12denip3u2dyzqte23ytjoqdsieizlta,Bert Ernie,2014-11-08T00:45:40,0,"bu yapon cox pisdir. o, belÉ™ dÉ™yÉ™rsiz bir balÄ±q baÅŸÄ±dÄ±r. BilmirÉ™m ki, kiminsÉ™ bu lal tÉ™nbÉ™lliyi necÉ™ xoÅŸlayacaÄŸÄ±nÄ±. bu heÃ§ lanet musiqi deyil. bu o qÉ™dÉ™r kÉ™dÉ™rlidir ki, hÉ™tta belÉ™ bir ÅŸeydir. insanlar cox cixib."
z133gnr5wmi1idj0y22delw4knabhvwtq,Tabby Ghani,2014-11-08T01:28:58,0,HamÄ±nÄ±n Gangnam Style ilÉ™ maraqlandÄ±ÄŸÄ± vaxtÄ± xatÄ±rlayÄ±ram ğŸ˜—ï»¿
z12aezowoqbjf3sn223hc1xrita3f3oz404,UKz DoleSnacher,2014-11-08T02:18:42,0,Bu videonu silin
z12tulsausq0ebatg22iy5cwzrvegr2ls,JD COKE,2014-11-08T02:24:02,1,"Ã‡ox aÄŸÄ±r, kÉ™dÉ™rlidir :( iO balaca uÅŸaq Aktyor HWANG MINOO rÉ™qs edÉ™n Ã§ox aktiv uÅŸaq beyin ÅŸiÅŸindÉ™n É™ziyyÉ™t Ã§É™kir, ona cÉ™mi 6 ay qalÄ±b .Ä°nanmaq Ã§É™tindir.. GÉ™lÉ™cÉ™k super ulduzumuz Ã¼Ã§Ã¼n hÉ™r kÉ™sÉ™ dua etmÉ™yÉ™ davam edin. #GÃ¼clÃ¼LittlePsY #DÃ¶yÃ¼ÅŸ HÆR KÆSÄ°N DUA EDÆN PAYLAÅIN ONUN ÃœÃ‡ÃœN http://ygunited.com/2014/11/08/little-psy-from-the-has-brain-tumor-6-months-left-to-live/ ï»¿"
z12zjdapzmexcbnsu23qgphzyubsihwsu,Joaco Remis,2014-11-08T02:29:17,0,"Bu niyÉ™ yenilÉ™nir? ÅÉ™rhlÉ™r:""5 dÉ™qiqÉ™ É™vvÉ™l"" MahnÄ±: ""2 il 4 ay É™vvÉ™l""ï»¿"
z125vpqb2rb1jbxun234evvr1patybvww04,TheRogueScorpion,2014-11-08T02:45:12,0,Ã‡OX XATÄ°RÆLÆR............
z12eex1wzu2ky35en22wfpswwxjqynsus,John Schmidt,2014-11-08T02:58:48,0,CÉ™mi 279.898 youtube istifadÉ™Ã§isi olduÄŸu halda niyÉ™ onlar 5 milyon ÅŸÉ™rhdir?   5 milyon saxta hesab vÉ™ ya PSY sÄ±ndÄ±rÄ±lmÄ±ÅŸ youtubeï»¿
z12cu5vhuw2ccfvdi22ecpvobuiof1yat04,Sean Deko,2014-11-08T03:08:58,0,DÃ¼nyadakÄ± 7.000.000.000 insandan 2.000.000.000-Ä± bu videonu cÉ™mi 2 il É™rzindÉ™ gÃ¶rÃ¼b vÉ™ mÉ™n hÉ™lÉ™ dÉ™ Ã§uxur mahnÄ±sÄ±ndan cÉ™mi 2 sÃ¶z Ã§Ä±xarÄ±ramï»¿
z13sfdopwvmpcfo3023cj3w54q30ftk1x,Nikolay Tekuchev,2014-11-08T03:09:11,0,"Bu video Ã§ox gÃ¶zÉ™ldir, tÉ™krar-tÉ™krar!"
z133gjpr2ybqthyjt04cjjhrtwucsxw4tpk0k,PinkyThePuppyProductions,2014-11-08T03:11:40,0,Ä°ndi ilk ÅŸÉ™rhÉ™ sÉ™yahÉ™tÉ™ gedirÉ™m... AilÉ™mÉ™ onlarÄ± sevdiyimi deyin. ğŸ˜¢
z12pcbng1m2shlgkp23ki1izwkreylid3,Sev3617,2014-11-08T03:15:09,0,"BÃ¼tÃ¼n YouTube-da BU Video bu qÉ™dÉ™r baxÄ±ÅŸ vÉ™ bÉ™yÉ™nmÉ™ni necÉ™ É™ldÉ™ etdi? NiyÉ™ Gangnam stili? MÉ™nim bununla problemim yoxdur, sadÉ™cÉ™ olaraq onun arxasÄ±ndakÄ± hadisÉ™lÉ™ri baÅŸa dÃ¼ÅŸmÃ¼rÉ™m, bu, hÉ™r hansÄ± digÉ™r tÉ™sadÃ¼fi musiqi videosu kimidir. ï»¿"
z12ts1xbpzv4sfrsd23rfbjourjgcj5mo,Gema LR,2014-11-08T03:26:51,0,KoreyalÄ± qÄ±zla daha fahiÅŸÉ™ vÉ™ qancÄ±q: Hyuna :'33ï»¿
z12wuz2qqnawe50js04cejpzosrzdr0r1k40k,Dana Matich,2014-11-08T03:32:55,1,"Hey uÅŸaqlar! Bunu yoxlayÄ±n: Kollektivet - PenisimÉ™ ÅŸillÉ™ vurmayÄ±n!  DÃ¼ÅŸÃ¼nÃ¼rÉ™m ki, onlar aldÄ±qlarÄ±ndan daha Ã§ox kreditÉ™ layiqdirlÉ™r"
z12dddjgvrnvtxkni22gsfdzqmu2z1qmm,Angela Flemming,2014-11-08T03:46:33,0,Baxmaq Ã¼Ã§Ã¼n hÉ™lÉ™ dÉ™ Ã§ox É™ylÉ™ncÉ™li musiqi videosu! ï»¿
z133jzxzav2gw5lq504cgrnx3lbgulw5onc0k,itzquiffer,2014-11-08T03:47:23,0,GÉ™lin 3 milyard baxÄ±ÅŸ!!!!!!!
z13awjrbcpyhinimp23nwztqlrucvdio404,The Bibliophile Flautist,2014-11-08T03:49:38,1,"HÉ™r kÉ™sÉ™ salam, mÉ™n yeni kanalam vÉ™ fleytada kitab rÉ™ylÉ™ri vÉ™ musiqi videolarÄ± yerlÉ™ÅŸdirÉ™cÉ™yÉ™m. ZÉ™hmÉ™t olmasa abunÉ™ olun. tÉ™ÅŸÉ™kkÃ¼rlÉ™r!"
z133tllzkmb0wthup235c5qovo3xzdzqr04,Wilfredo Latorre,2014-11-08T04:02:29,0,"Hey, mÉ™n bilirÉ™m ki, burada nÉ™ ilÉ™ mÉ™ÅŸÄŸul oluram!!!! Bunun necÉ™ 2 milyard hit qazandÄ±ÄŸÄ±na dair bÉ™zi nÉ™zÉ™riyyÉ™lÉ™rim var!! 1. Bu, koreyada hazÄ±rlanmÄ±ÅŸ mabey idi vÉ™ orada Ã§ox mÉ™ÅŸhur idi, ona gÃ¶rÉ™ dÉ™ onlar bunu tÉ™krar-tÉ™krar izlÉ™mÉ™kdÉ™ iliÅŸib qaldÄ±lar. 2. Youtube daxil olmaqla 2 milyarddan Ã§ox insanÄ±n internetÉ™ Ã§Ä±xÄ±ÅŸÄ± var vÉ™ onlarÄ±n sayÄ± artÄ±r, 2017-ci ilÉ™ qÉ™dÉ™r É™halinin yarÄ±sÄ± qoÅŸulacaq. 3. KoreyadakÄ± hakerlÉ™r onu o qÉ™dÉ™r sevmiÅŸlÉ™r ki, onu daha populyar etmÉ™k Ã¼Ã§Ã¼n onu 2 milyard hitÉ™ Ã§atdÄ±rdÄ±lar.  4. MahnÄ± 2012-ci ildÉ™ bir neÃ§É™ mp3-dÉ™, É™dalÉ™tli rÉ™qs oyununda nÃ¼mayiÅŸ etdirilib vÉ™ konsertlÉ™rdÉ™ vÉ™ hÉ™tta yeni il É™rÉ™fÉ™si tÉ™dbirindÉ™ gÃ¶rÃ¼nÃ¼b, belÉ™liklÉ™, sadÉ™cÉ™ onlarÄ± gÃ¶rÉ™rÉ™k bu videoya daha Ã§ox hit É™lavÉ™ edÉ™ bilÉ™rsiniz. 5. Siz bunun 2b hit olmasÄ±ndan Ã§ox ÅŸikayÉ™t edirsiniz.ï»¿"
z13shj4wpmflidcxc04ce5f4vlqdyzjowso0k,Tornike Noniashvili,2014-11-08T04:08:09,1,kanalÄ±ma abunÉ™ olun
z13fgt5wtsf3znibb04cgrfgasztuv5q5wk0k,Diana Roque,2014-11-08T04:43:22,0,"BUNA QUVEEN VÆ MICHAEL JACKSONDAN DAHA Ã‡OX baxÄ±ÅŸ var, 2 MÄ°LYARD baxÄ±ÅŸ varï»¿"
z122ybty1la4dbrz304cgnoh1knkiv0odfg,bruno jovao,2014-11-08T04:51:38,0,LoLï»¿
z135cxegbufxdviso23kgn4rqmbvwxyqp04,Spencer Clark,2014-11-08T05:29:26,0,"Son millisaniyÉ™dÉ™ 1:39-da fasilÉ™ etsÉ™niz, o cÃ¼cÉ™nin gÃ¼lmÉ™k Ã¼zrÉ™ olduÄŸunu gÃ¶rÉ™ bilÉ™rsiniz. Bir neÃ§É™ cÉ™hd edir."
z13ucxdzemugi1v5n04ccjloko25drfb4js,Haley Harmicar,2014-11-08T05:35:42,0,"9 yaÅŸlÄ± uÅŸaqlar ""DÃ¼nyada cÉ™mi 3 nÉ™fÉ™r olduÄŸu halda bu necÉ™ 2 milyard baxÄ±ÅŸa malikdir"""
z12mfnjahrvcgjh4004cdf3buuzshjsrzhw,Kincaid Liebenberg,2014-11-08T05:36:38,0,PSY yaxÅŸÄ± oÄŸlandÄ±r
z12cwnzbunaji14ah04cf3jizmzpz3igxj4,CHILD,2014-11-08T05:46:31,0,BU MAHNINA NÄ°YÆ 2 MÄ°LYARD BaxÄ±ÅŸ var
z12vzdda5z3jvliop04cc535ayybt3mwthc,CustomerService GM,2014-11-08T05:52:30,1,https://www.facebook.com/pages/Mathster-WP/1495323920744243?ref=hlï»¿
z13axbnqtxfrc3ncc23xxp2wivqbgx43o,sahil samal,2014-11-08T06:28:01,0,1 milyon dislike ssssssssssssssssssssssssssssssssssssssssssssss.
z13csxapuz2ggji2n23dsfhobq30yhle1,Doris Chew,2014-11-08T06:29:16,0,KiÃ§ik PSY beyin ÅŸiÅŸindÉ™n É™ziyyÉ™t Ã§É™kir vÉ™ cÉ™mi 6 ay Ã¶mrÃ¼ var.  XahiÅŸ edirÉ™m ona dua edin vÉ™ uÄŸurlar arzulayÄ±n
z13qe1myote4hhwox04chrdxbv30dhraerc0k,hunter braddock,2014-11-08T06:36:41,0,"OradakÄ± bÃ¼tÃ¼n kiÃ§ik uÅŸaqlar Ã¼Ã§Ã¼n yer Ã¼zÃ¼ndÉ™ 7-8 MÄ°LYON DEYÄ°L, 7-8 Milyar insan var. ÅÉ™rhlÉ™r gÃ¶ndÉ™rmÉ™zdÉ™n É™vvÉ™l sizÉ™ faktlarÄ± gÃ¶tÃ¼rÃ¼n.ï»¿"
z12duvqj2ozihjxzr04cffmhekeyzbkql20,Arrestme11,2014-11-08T06:50:39,0,Ä°nsanlÄ±q nÉ™ qÉ™dÉ™r axmaqdÄ±r
z13fib54ilj0ix3ln23cy5h41xi0hduex,The O'dowd Crowd,2014-11-08T06:53:38,1,"GÉ™lin vÉ™ videoma baxÄ±n, bu odowd crowd zombie filminin 1-ci hissÉ™si adlanÄ±r"
z12qfjubxk2iftnwk04chp5amsmmuvpwh5w,FaceTheFacts,2014-11-08T07:07:44,0,"Bilirsiniz ki, nÉ™ dediyini bilmÉ™k Ã¼Ã§Ã¼n google translate-dÉ™n istifadÉ™ etmÉ™k lazÄ±m olanda bir mahnÄ± pis olur!ï»¿"
z12ttjopmofst1gpp04cc5ezywjrwntjrc0,x Judda,2014-11-08T07:19:29,0,"AnladÄ±q, siz bura baxÄ±ÅŸ Ã¼Ã§Ã¼n gÉ™lmisiniz..."
z12wz33h0vbdcdel022hu3npdufjjx2mv,Kelsey bolley,2014-11-08T07:25:39,0,Wow bu video É™n Ã§ox baxÄ±lan youtube videosu.. ikincisi Justin bieber- baby SMH DÃœNYA NÆ GÆLÄ°R
z12th3fqdqq5yn0tq23rzboi3wb4tft0y,Markus Mairhofer,2014-11-08T08:49:47,1,"Hey, mÉ™zmunumu indi paylaÅŸdÄ±ÄŸÄ±m tsÅ« nÉ™ÅŸriyyat platformasÄ±nda mÉ™nÉ™ qoÅŸulun: http://tsu.co/MarkusMairhoferï»¿"
z13nw3lhgt2nf5wwe04cdlx5iyaydznrve0,Wert Walleet,2014-11-08T09:15:22,0,Bu mahnÄ± É™ladÄ±r 2.127.315.950 baxÄ±ÅŸ var wowï»¿
z13ytrypzmmxwrqsw22hfhf4ivbot5w2q,Hollz C,2014-11-08T09:17:52,0,MÉ™n buna 2014-cÃ¼ ildÉ™ baxÄ±ram
z12ivx14lye5szr4k04cddnhuujytfhz4v00k,The Silhouette,2014-11-08T09:25:51,0,"Youtube-da É™n Ã§ox baxÄ±lan video...daaaaaaaaaaannng bu baxÄ±ÅŸlar demÉ™k olar ki, bÃ¼tÃ¼n Ã§inÉ™ hakim ola bilÉ™r...ï»¿"
z124elbgazqmuhvs5230ut14uta5irenh,Agarra Mela,2014-11-08T09:32:14,0,"Yer Ã¼zÃ¼ndÉ™ cÉ™mi 7 milyon insan varsa, bu video necÉ™ 2.127.322.484 baxÄ±ÅŸa malikdir?"
z12dcrdpiky1w3oia04chrvgxpmuzjv4gcw,Tedi Foto,2014-11-08T09:33:30,0,NÉ™ mÉ™nim qanqnam stilim
z12qxl3xupmjsbzzg04cfzegyw3xfjjjpfc,StarBlade34 OverLord,2014-11-08T09:34:57,0,Bu youtuber (officialpsy) Ã§ox pul qazanÄ±r lolï»¿
z12gdhri2nzouxcxq04ci11h5we3edegkbg,Super Cot,2014-11-08T09:39:28,0,1 milyon bÉ™yÉ™nmÉ™! EPIC FAIL(sizin fanboylar Ã¼Ã§Ã¼n hazÄ±rdÄ±r)ï»¿
z13jhnc5bozpyx01123nz5ky5yjksrdzm04,restlesswikiinfo,2014-11-08T10:03:32,0,"Koreya dilini bilsÉ™ydim, bu daha gÃ¼lmÉ™li olardÄ±. Æn azÄ± sonunda bir az ingiliscÉ™ idi, lakin olduqca sÃ¼rÉ™tlÉ™ danÄ±ÅŸÄ±lÄ±rdÄ±.ï»¿"
z12oxlzh4qjicd2zu04cgfabqtipf3gq4is,Susan Jay,2014-11-08T10:04:22,0,"â€œPlanetdÉ™ cÉ™mi 7 milyon insan varsa, bunun necÉ™ iki milyard baxÄ±ÅŸÄ± varâ€ demÉ™klÉ™ kifayÉ™tlÉ™nirik. zarafat edirsen. ArtÄ±q gÃ¼lmÉ™li deyil."
z13vhnh5ewvdyzh3o23bjz55lxbwjznor04,diego acosta,2014-11-08T10:05:27,1,"100 abunÉ™Ã§i qazansam, One Direction vÉ™ Miley Cyrus-u yer Ã¼zÃ¼ndÉ™n silmÉ™k Ã¼Ã§Ã¼n Freddi Merkurinin ruhunu Ã§aÄŸÄ±racaÄŸam.ï»¿"
z12ztdojvxyhy3bpc04cf34jnnrnfpuyj1c,Harrys Edits,2014-11-08T10:05:40,1,"100 abunÉ™Ã§iyÉ™ Ã§atsam, camaatÄ±n iÃ§indÉ™ bir vedrÉ™ buzlu su tÃ¶kÉ™rÉ™k insanlarÄ±n Ã¼stÃ¼nÉ™ gedÉ™cÉ™yÉ™m vÉ™ sonra mÉ™n deyilmiÅŸ kimi davranaraq qaÃ§acaÄŸam! insanlarÄ±n gÃ¶rÉ™ bildiyi kimi!!!"
z12qfpcgnmjcgfqh104cd3fptuuxzxcp0i4,piwnugget,2014-11-08T10:12:42,0,YOUTUBE MONEY !!!!!!!!!!!!!!!!!!!!!!!ï»¿
z12ws5swdzq4gxqkh23iilpavrmjcjqdy,ThoseFour KidsYaay,2014-11-08T10:14:47,0,Bu pislik Ã¼Ã§Ã¼n 2 milyard?
z122z5pa2wyofbjj304cgfwrrmvjgn0pohc,Mia Aspinall,2014-11-08T10:30:35,0,"2 milyard baxÄ±ÅŸ, cÉ™mi 2 milyon paylaÅŸÄ±m"
z12ruft4aq3thhpbl04cdxrzjvmohjyqhs00k,DylsFS,2014-11-08T10:40:00,1,"Salam uÅŸaqlar mÉ™nim adÄ±m Dylan vÉ™ mÉ™n IRL futbol videolarÄ± Ã§É™kirÉ™m mÉ™nim 1030 abunÉ™Ã§im var vÉ™ dÃ¼ÅŸÃ¼nÃ¼rÉ™m ki, siz mÉ™nim mÉ™zmunumu bÉ™yÉ™nÉ™cÉ™ksiniz, ona gÃ¶rÉ™ dÉ™ gÉ™lin yoxlayÄ±n vÉ™ abunÉ™ olsanÄ±z!ï»¿"
z13nvtepirfuhrral04cc10xkkygibq53t40k,"nobleMC | Minecraft, GFX and More!",2014-11-08T10:48:41,1,"Sabaha qÉ™dÉ™r 300 abunÉ™Ã§i qazansam, epik Hunger Games Videosu Ã§É™kÉ™cÉ™yÉ™m! ï»¿"
z12dgxdpbsjvsj1lv22vhn3ypsynh3gq204,zakaia ziko,2014-11-08T11:00:19,1,izlÉ™yiciniz zÉ™hmÉ™t olmasa https://www.facebook.com/lists/161620527267482ï»¿
z13jzr151zb4cfmqs04chbrbukncfhzxy40,Praise Samuel,2014-11-08T11:10:30,0,"2 milyard baxÄ±ÅŸ, hÉ™tta Justin Beibsin kÃ¶rpÉ™si belÉ™ bÃ¶yÃ¼k hÉ™rflÉ™ yazÄ±lmÄ±ÅŸ bir ada layiq deyil"
z121zn0biqizsti0j23rghdafmjzgpuu4,nathan robson,2014-11-08T11:20:48,1,"100 abunÉ™Ã§iyÉ™ Ã§atsam, Ã¶zÃ¼mÃ¼ vÉ™ dostumu tÉ™riflÉ™yÉ™cÉ™m"
z13uhbtohvm4yxq0d22lvbyx3ratct1ju04,Navin Surya,2014-11-08T11:42:57,1,"XahiÅŸ edirÉ™m kollecÉ™ getmÉ™yÉ™ kÃ¶mÉ™k edin, uÅŸaqlar! ÃœrÉ™yimdÉ™n tÉ™ÅŸÉ™kkÃ¼r edirÉ™m.  https://www.indiegogo.com/projects/i-want-to-go-to-college--19/x/9082175ï»¿"
z12mubjyckfjvhmni23bc5nxbnrggtvjq04,Bishwaroop Bhattacharjee,2014-11-08T12:34:11,1,https://www.facebook.com/SchoolGeniusNITS/photos/ms.c.eJw9kVkOxDAMQm808h5z~;4sNjqP~_tHqBEuM69AQUp1Ih~_fPHgk5zLLsVdQv0ZUf0MB~;LnUJ~;ufTH4YoKfRxYts2zvrrp6qGtw67y~;L551h~;f7~_vlcZzRG8vGCTlPSD9ONGeWhj8~_GIbu~;S3lzMvY~;IQ2~;TwSfzz9WHn7JUSvHufpglQRZczl05fNPhaGeVb3x8yDmC6X~_~;jTcjnMho~;vfXWCjZyvWObihrnGx2ocjnG2PG1EvHXzyjD~_o3h~_RY6f57sPrnD2xV~;~_BzszZ~;8~-.bps.a.390875584405933/391725794320912/?type=1&theater ï»¿
z12ovv2xcmmtv5exl04cdxe4ql31dd2jiy00k,Liu Chu Yi,2014-11-08T13:12:10,1,MÉ™n Ã§ox gÃ¶zÉ™l vÉ™ aÄŸÄ±llÄ±yam!!! MÉ™nÉ™ abunÉ™ ol!
z13fdvwhykzhuldpn04cfdtwkyqterlavnk0k,iKap Taz,2014-11-08T13:34:27,1,Follow 4 Follow @ VaahidMustafic Like 4 Like ï»¿
z12vu5grlujzfr4cx23iu5zpdpugzxl4t04,Serkan Kaya,2014-11-08T15:27:27,1,http://hackfbaccountlive.com/?ref=4436607 psy news offÄ±cal ï»¿
z12iztop3pyovxbl322eyxng2k3gi5rax04,Bizzle Sperq,2014-11-08T15:29:46,1,https://www.facebook.com/nicushorbboy mÉ™ni É™lavÉ™ et <3 <3ï»¿
z12cehoxozfgg3nok04cjj05xznbgrlpfjo,Elieo Cardiopulmonary,2014-11-08T15:29:52,1,"spama gÃ¶rÉ™ Ã¼zr istÉ™yirÉ™m, amma mÉ™nim adÄ±m Cennidir. HÉ™r kÉ™sin dÉ™bli geyindiyi orta mÉ™ktÉ™bÉ™ gedirÉ™m, amma mÉ™nim Ã¼Ã§Ã¼n yox, Ã§Ã¼nki ÅŸirin paltarlar almaq Ã¼Ã§Ã¼n pula ehtiyacÄ±m var. Ã–zÃ¼mÉ™ hÃ¶rmÉ™tim aÅŸaÄŸÄ±dÄ±r. MÉ™n atamla yaÅŸayÄ±ram. mÉ™nim 6 yaÅŸÄ±m olanda anam vÉ™fat etdi, ona gÃ¶rÉ™ dÉ™ hÉ™qiqÉ™tÉ™n ana fiqurum yoxdur. MÉ™ndÉ™n bÃ¶yÃ¼k 2 qardaÅŸÄ±m var. Onlar oÄŸlan olduqlarÄ± Ã¼Ã§Ã¼n mÉ™n tÉ™k qalanda diqqÉ™t Ã§É™kirlÉ™r. MÉ™n Ã§ox istÉ™yirÉ™m ki, mÉ™ktÉ™bimdÉ™ki qÄ±zlar kimi gÃ¶zÉ™l paltarlar geyinib sevgilim olsun. mÉ™n sadÉ™cÉ™ Ã¶zÃ¼m ola bilmirÉ™m. MÉ™n mÉ™ktÉ™bdÉ™ Ã§ox sakit vÉ™ utancaqam, Ã§Ã¼nki kiminlÉ™sÉ™ danÄ±ÅŸmaq Ã¼Ã§Ã¼n Ã¶zÃ¼mÉ™ gÃ¼vÉ™nim yoxdur.  MÉ™nim Caroline adlÄ± bir dostum var idi, amma o, uzaqlaÅŸdÄ±, indi tÉ™kÉ™m. MÉ™nÉ™ bir az pul baÄŸÄ±ÅŸlasanÄ±z, É™la olardÄ±. MÉ™n bahalÄ± brendlÉ™rÉ™ É™hÉ™miyyÉ™t vermirÉ™m, sadÉ™cÉ™ Walmartdan alÄ±ÅŸ-veriÅŸ edirÉ™m, Ã§Ã¼nki onlarÄ±n gÃ¶zÉ™l paltarlarÄ± var.  MÉ™n dÉ™ dÄ±rnaqlarÄ±mÄ± salonda dÃ¼zÉ™ltmÉ™k istÉ™yirÉ™m. MÉ™n gÃ¶rÃ¼rÉ™m ki, bir Ã§ox qÄ±zlarda bu fransÄ±zca mÉ™slÉ™hÉ™tlÉ™r var. ÆvvÉ™llÉ™r heÃ§ vaxt dÄ±rnaqlarÄ±mÄ± salonda etdirmÉ™miÅŸÉ™m, É™gÉ™r bacararsam, Ã§ox tÉ™qdir edÉ™cÉ™m vÉ™ saÃ§larÄ±mÄ± da qÄ±vrÄ±m. http://www.gofundme.com/dressprettyonce tÉ™ÅŸÉ™kkÃ¼r edirÉ™m, xahiÅŸ edirÉ™m.ï»¿"
z13xwborhli2vdrab04chblgxvjattz4ezs0k,Luna Gamer Potter,2014-11-09T02:42:40,0,Bu mahnÄ±ya nifrÉ™t edirÉ™m! ï»¿
z13zuxpykozmevuf222nh5vr3taqvbqun,Thomas sea,2014-11-09T04:49:20,1,zÉ™hmÉ™t olmasa kanalÄ±ma abunÉ™ olun
z12zgfgp1rzzct4ft23jxrwozxabfnjjv04,This Is Really Not Lois Arceo,2014-11-10T13:25:27,0,YENÄ° MÆQSÆD!   3.000.000!  GÉ™lin bunun Ã¼Ã§Ã¼n gedÉ™k!
z121j52qizrzhd2pa04ceht4jpeuzvzgunc0k,Niggly Wiggly,2014-11-10T17:39:10,1,MilÃ§É™nin diri-diri yandÄ±ÄŸÄ±nÄ± gÃ¶rmÉ™k istÉ™yirsinizsÉ™ kanalÄ±ma keÃ§in
z12dixvi2qepuhb4o04chpd5exjdx3oqdic,DropItLikeItsSloth,2014-11-11T19:38:11,0,BaxÄ±ÅŸlarÄ± yoxlamaq Ã¼Ã§Ã¼n buraya gÉ™ldim: Pï»¿
z12kw53jipujdzqex22qt5vxtoyde3cwg04,Itss Synco,2014-11-11T22:37:23,1,"GÆLÄ°N VÆ YENÄ° YOUTUBE KANALIMA BAXIN, HÆR GÃœNLÃœK YAYIMLAR EDÆCÆK!ï»¿"
z12kx35bmpbiez0kp22qxrrrrzecznnw004,Puppy Lover5614,2014-11-11T22:48:11,0,Onun nÉ™ dediyi barÉ™dÉ™ heÃ§ bir fikrim yoxdur. HÉ™tta dildirmi?
z12qh5dbxp2uwj3s423qg3cqdqmzxrirt04,Mason Sieverding,2014-11-12T00:52:51,1,ZÉ™hmÉ™t olmasa mÉ™nim videolarÄ±ma baxÄ±n dostlar
z12qzr1q3vqdghaln23asbvwhrmftzrox04,Robin Delwiche,2014-11-12T01:37:07,0,MÉ™n hÉ™lÉ™ dÉ™ bu gÃ¼nÉ™ qÉ™dÉ™r bu videonun niyÉ™ bu qÉ™dÉ™r populyar olduÄŸunu dÃ¼ÅŸÃ¼nÃ¼rÉ™m? illuminati tÉ™sdiqlÉ™di ??
z13pv52hkmf4jn23g22nzx5zqr2gen1gv04,LBEProductions,2014-11-12T01:40:22,1,Salam dostlar kanalÄ±ma baxa bilÉ™rsiniz zÉ™hmÉ™t olmasa. MÉ™n sÉ™nÉ™tkarlÄ±q videolarÄ± Ã§É™kirÉ™m. GÉ™lin 20 abunÉ™Ã§i Ã¼Ã§Ã¼n Ã§É™kiliÅŸ edÉ™k
z123vd4i3laosnv4b04ci3pwunuvytarigs,Thuan Lai Tran,2014-11-12T05:01:52,0,Bu qocalÄ±r.........
z12ig3jrnlfvsthaa04chjkrply5zligbdg,Aaa Aaa,2014-11-12T05:46:27,1,MÆNÆ ABUNÆ OLUN!!!!!!!!!!!!!!!!!!!!!!!!!!!!!!!!!!!!!!!!!!!!!!! !!!!
z12jeraoczqvvbkmz23hsbcptweedlrxx04,BIGMOFO Tonkatruck,2014-11-12T06:26:42,0,sadÉ™cÉ™ baxÄ±ÅŸ sayÄ±nÄ± yoxlamaq Ã¼Ã§Ã¼n gÉ™ldim
z12fgjx5zknbitgw104ce3op4v3nzlaxzqo0k,Young IncoVEVO,2014-11-12T07:14:06,1,Musiqi VideolarÄ±ma baxÄ±n! Fuego - U LA LA Remix hyperurl.co/k6a5xtï»¿
z124tligikzvt3kch22kx5daswzwdrjxp04,Young IncoVEVO,2014-11-12T07:14:46,1,Musiqi VideolarÄ±ma baxÄ±n! vÉ™ LÃœTFEN ABUNÆ OLUN!!!! Fuego - U LA LA Remix hyperurl.co/k6a5xtï»¿
z12ct5z5hsnsjjpii04ccbzztmf1ulxxous0k,Viperas Lord,2014-11-12T09:20:12,1,www.marketglory.com/strategygame/lordviperasï»¿
z124zbcigmbfvhpru04cepdx2vikibhp42c,Yabbamita DBH,2014-11-12T09:30:20,0,"ÆgÉ™r pis Ã‡in hÃ¶kumÉ™ti orada YouTube-u bloklamasaydÄ±, hazÄ±rda 3 milyarda yaxÄ±n baxÄ±ÅŸ olardÄ±. ï»¿"
z13pzv4gkkj3hpe4g04ccdma2vbtcliiu1c,Muhd Hafiz,2014-11-12T09:30:31,0,DÃœNYA REKORUNDA YOUTUBE VÄ°DEOLARINA GÃ–RÃœÅ SAYISI !!!!!! XD
z13uffbajziyw5cfp23bwbw5auytzdl5b04,Juris Dumagan,2014-11-12T11:03:25,0,"DÃ¼ÅŸÃ¼nÃ¼rÉ™m ki, bu zaman sÉ™rxoÅŸ olub :) x)ï»¿"
z13ycvc43ynaerptk235dhnwnqf1hdhwl04,Patrick Pernia,2014-11-12T14:17:28,1,Avtomobil sÃ¼rÉ™rkÉ™n gÃ¼nÉ™ÅŸÉ™ mÉ™ruz qalmaÄŸÄ± mÉ™hdudlaÅŸdÄ±rÄ±n. Avtomobilin ÅŸÃ¼ÅŸÉ™sini Ã¶n ÅŸÃ¼ÅŸÉ™ ilÉ™ pÉ™ncÉ™rÉ™ arasÄ±nda yellÉ™mÉ™k mÉ™cburiyyÉ™tindÉ™ olan É™ngÉ™llÉ™ri aradan qaldÄ±rÄ±n.  https://www.kickstarter.com/projects/733634264/visortwinï»¿
z135zz0xwx2jetyt523mejn40qifw5hjo04,Jennifer Isaksen,2014-11-12T15:12:47,0,"Haha, hey! MÉ™n hÉ™miÅŸÉ™ 1:57-ci hissÉ™yÉ™ gÃ¼lÃ¼rÉ™m.. LOL!ï»¿"
z12gwldoxpvgjru4004cj3fxyvvvwffjqjg,Ripazha Gaming,2014-11-12T17:37:08,1,http://hackfbaccountlive.com/?ref=5242575ï»¿
z12usr54ppaxxf1dl23nhbybruapdnixw04,Arthur Teixeira,2014-11-12T20:12:47,0,"00:58-dÉ™ rÉ™qs edÉ™n oÄŸlanÄ±n adÄ±nÄ± bilmÉ™k istÉ™dim, bilÉ™n var?"
z12svt0reqvqyppzw04cgt1axrqhddcbkfc,derrick lawson,2014-11-12T20:21:27,1,https://www.facebook.com/FUDAIRYQUEEN?pnref=storyï»¿
z13pitkr5prbgf3ja04cjjg4qme3txjpyqc0k,Yeung Marvin,2014-11-12T23:56:54,0,"Haha qÉ™rblilÉ™rin duzunu gÃ¶rmÉ™k o qÉ™dÉ™r gÃ¼lmÉ™lidir ki, youtube-un É™n yÃ¼ksÉ™k baxÄ±ÅŸlarÄ± heÃ§ baÅŸa dÃ¼ÅŸmÉ™diklÉ™ri videolara gedir, duzu artÄ±rÄ±n!ï»¿"
z13aib0jgoiotfxxi04cj5lgulz3zdfrpew,Stuart Mcdonald,2014-11-13T00:38:14,1,ÅÄ°RKÆTÄ°MÄ° TWÄ°TTERDÆ TAKÄ°P EDÄ°N tÉ™ÅŸÉ™kkÃ¼rlÉ™r.  https://twitter.com/TheWaxedHatCoï»¿
z12oex5p1miewvugp04cgjfqiq3xsxrolhk,Caius Ballad,2014-11-13T00:58:20,0,"TÉ™sÉ™vvÃ¼r edin ki, É™gÉ™r bu adam bÃ¼tÃ¼n bu baxÄ±ÅŸlarla adsense-i iÅŸÉ™ salsa... siz ipotekanÄ± Ã¶dÉ™yÉ™ bilÉ™rsiniz"
z13supiartrcdr4la22xc3aripu2x1z3a,Ink Video Shorts,2014-11-13T02:33:53,1,"Hey, gÉ™lin, youtube-da bizi yoxlayÄ±n, fikrinizi bildirin vÉ™ abunÉ™ olmaÄŸÄ± unutmayÄ±n."
z12uthyi5vratjy0v22ycxxhgpuqs5te2,Sigaraya Nesora,2014-11-13T06:33:21,0,"Qatarda rÉ™qs edÉ™n qÄ±zÄ±n geyimi o qÉ™dÉ™r seksual idi, amma É™n bÃ¶yÃ¼k dÉ™yiÅŸikliyi onun qaÅŸlarÄ± yox idi D:ï»¿"
z131idupvn3yhf3mv23dwzhi4pqixvwuw,ĞĞ»ĞµĞºÑĞ°Ğ½Ğ´Ñ€ Ğ¤ĞµĞ´Ğ¾Ñ€Ğ¾Ğ²,2014-11-13T07:59:33,1,"ÅÉ™killÉ™rÉ™ baxÄ±n, Ã§É™tin deyilsÉ™ http://image2you.ru/48051/1340524/ http://image2you.ru/48051/1340523/ http://image2you.ru/48051/1340522/ http://image2you. ru/48051/1340521/ http://image2you.ru/48051/1340520/ http://image2you.ru/48051/1340519/ http://image2you.ru/48051/1340518/ http://image2you.ru/48051/1340517/ http://image2you.ru/48051/1340504/ http://image2you.ru/48051/1340503/ http://image2you.ru/48051/1340502/ http://image2you.ru/48051/1340500/ http://image2you.ru/48051/1340499/ http://image2you.ru/48051/1340494/ http://image2you.ru/48051/1340493/ http://image2you.ru/48051/1340492/ http://image2you.ru/48051/1340491/ http://image2you.ru/48051/1340490/ http://image2you.ru/48051/1340489/ http://image2you.ru/48051/1340488/ï»¿"
z12gcx5hzkayhbmve23ghd3plt2czf2rp04,ArioseRose,2014-11-13T15:20:31,0,"MÉ™nÉ™ fikir vermÉ™yin, mÉ™n sadÉ™cÉ™ baxÄ±ÅŸlarÄ±n nÉ™ olduÄŸunu yoxlayÄ±ram :)"
z13qhxcb2ybzszosx22rh5hwhmmccpjx404,The Silent Troll Defuser HD,2014-11-13T15:47:27,1,"Salam uÅŸaqlar mÉ™nim YouTube kanalÄ±mÄ± yoxlaya bilÉ™rsiniz, bilirÉ™m ki, bu kimi ÅŸÉ™rhlÉ™rÉ™ nifrÉ™t edirsiniz, amma sÃ¶z verirÉ™m ki, videolarÄ±mÄ± yoxlasanÄ±z, É™ylÉ™ncÉ™li olacaq MÉ™n Shotgun Montages, Ninja Defuse Montages vÉ™ Trolling edirÉ™m, xahiÅŸ edirÉ™m onlara baxa bilÉ™rsiniz vÉ™ tÉ™ÅŸÉ™kkÃ¼rlÉ™r gÃ¼n!!!!!!!!"
z12yivpznrezu3gyf04ce11xdvmquxzjdo00k,Tom Hosford,2014-11-13T17:42:06,0,"MÃ¼É™yyÉ™n sayda insan olduÄŸuna gÃ¶rÉ™ 2 milyard baxÄ±ÅŸ É™ldÉ™ etmÉ™k Ã¼Ã§Ã¼n necÉ™ sÄ±ndÄ±rdÄ±ÄŸÄ± barÉ™dÉ™ zarafat edÉ™n hÉ™r kÉ™sÉ™, O, É™slindÉ™ baxÄ±ÅŸlarÄ± satÄ±n aldÄ±.ï»¿"
z13uud25otb0ird2h230chu54neyehsbg04,Tofik MiedzyÅ„,2014-11-13T21:48:26,1,https://www.facebook.com/tofikmiedzynB/photos/a.1496273723978022.1073741828.1496241863981208/1498561870415874/?type=1&theater ï»¿
z12ozx4w5mytupefv23vvxdroqehuvbvv,MrValentinique,2014-11-13T22:33:31,1,https://www.facebook.com/eeccon/posts/733949243353321?comment_id=734237113324534&offset=0&total_comments=74 zÉ™hmÉ™t olmasa frigea marius gabriel ÅŸÉ™rhini bÉ™yÉ™nin :Dï»¿
z12vvnza4rq5tvzou04cgxeookraexq5opo0k,Ghazi Rizvi,2014-11-13T23:02:09,1,"http://www.bing.com/explore/rewards?PUBL=REFERAFRIEND&CREA=RAW&rrid=_0f9fa8aa-243a-5c2f-c349-ede05ea397ca Bing mÃ¼kafatlarÄ±, pulsuz pul qazanÄ±n. VÆ YOX SÄ°Z VÄ°RUSUNUZU MAVÄ° RENGÄ° ÆLDÆ EDÆ BÄ°LMÆZSÄ°NÄ°Z!ï»¿"
z12exzcrvpeew1yxg04cd5tbwnmfubnh4kk0k,Anthony1SV,2014-11-14T00:01:37,1,ZÉ™hmÉ™t olmasa bu yeni Milad kÃ¶ynÉ™klÉ™rini alÄ±n! DekabrÄ±n 4-nÉ™ qÉ™dÉ™r istÉ™nilÉ™n vaxt ala bilÉ™rsiniz vÉ™ onlar bÃ¼tÃ¼n dÃ¼nyada satÄ±lÄ±r! QaÃ§Ä±rmayÄ±n: http://teespring.com/treechristmasï»¿
z13qyxk5tzq1e5asx22xjt3wdq3ns32f5,Ameenk Chanel,2014-11-14T11:50:02,1,Pulsuz tÉ™tbiqlÉ™rim 1 milyon kredit qazanÄ±r! SadÉ™cÉ™ linkÉ™ kliklÉ™yin vÉ™ proqramÄ± yÃ¼klÉ™yin vÉ™ hazÄ±r olun!! Â· Link: https://m.freemyapps.com/share/url/5af506e1ï»¿
z12uyzhazxqkzbrzz04cedqpkwzdvjyy3u40k,Brandon Wilson,2014-11-14T12:21:52,0,NiyÉ™ belÉ™ bir mahnÄ±ya Michael Jackson SMHï»¿-dÉ™n daha Ã§ox baxÄ±ÅŸ var?
z13sh3cz1kbqgrai504cf53qsq25ypmi5zs0k,Leonel Hernandez,2014-11-14T12:35:38,0,"KÉ™dÉ™rli JUST rÉ™qs etsÉ™niz belÉ™, rÉ™qs edÉ™cÉ™k bir ÅŸey!   PSY - GANGNAM STYLE (ê°•ë‚¨ìŠ¤íƒ€ì¼) M/V: http://youtu.be/9bZkp7q19f0ï»¿"
z12etrpq5xu0vnm2g230szo5ote3zviny,InterGaming,2014-11-14T13:16:24,0,"hamÄ± arxaya baxÄ±r, bunun az qala 3 yaÅŸÄ± var vÉ™ insanlar hÉ™lÉ™ dÉ™ eÅŸidirlÉ™r! xD"
z13th1q4yzihf1bll23qxzpjeujterydj,Carmen Racasanu,2014-11-14T13:27:52,0,PlanetdÉ™ yalnÄ±z mÉ™n olduÄŸum halda bunun necÉ™ 2 milyard baxÄ±ÅŸÄ± ola bilÉ™r? LOL
z13fcn1wfpb5e51xe04chdxakpzgchyaxzo0k,diego mogrovejo,2014-11-14T13:28:08,0,2014-cÃ¼ ildÉ™ buna niyÉ™ baxdÄ±ÄŸÄ±mÄ± indi bilmirÉ™m
z130zd5b3titudkoe04ccbeohojxuzppvbg,BlueYetiPlayz -Call Of Duty and More,2015-05-23T13:04:32,1,Call of duty videolarÄ± vÉ™ HÉ™dÉ™f-100 abunÉ™lÉ™ri Ã¼Ã§Ã¼n mÉ™nÉ™ abunÉ™ olun
z12he50arvrkivl5u04cctawgxzkjfsjcc4,Photo Editor,2015-06-05T14:14:48,1,salam uÅŸaqlar zÉ™hmÉ™t olmasa mÉ™nim android foto redaktorumu yÃ¼klÉ™yin. tÉ™ÅŸÉ™kkÃ¼rlÉ™r https://play.google.com/store/apps/details?id=com.butalabs.photo.editorï»¿
z13vhvu54u3ewpp5h04ccb4zuoardrmjlyk0k,Ray Benich,2015-06-05T18:05:16,0,"Ä°lk milyardlar bunun hÉ™qiqÉ™tÉ™n gÃ¶zÉ™l olduÄŸunu dÃ¼ÅŸÃ¼ndÃ¼klÉ™ri Ã¼Ã§Ã¼n buna baxdÄ±lar, digÉ™r milyard yarÄ±m isÉ™ ilk milyardÄ±n nÉ™ qÉ™dÉ™r axmaq olduÄŸunu gÃ¶rmÉ™yÉ™ gÉ™ldi...ï»¿"
